image_name,class_id,confidence_score,x_min,y_min,x_max,y_max
image_0.jpg,93,1.0,170,182,191,190
image_0.jpg,89,1.0,15,81,28,91
image_0.jpg,80,1.0,119,163,146,193
image_1.jpg,27,1.0,6,190,95,195
image_1.jpg,11,1.0,76,87,84,169
image_1.jpg,32,1.0,33,5,195,154
image_2.jpg,85,1.0,77,105,99,105
image_2.jpg,31,1.0,25,71,65,165
image_3.jpg,67,1.0,149,142,155,164
image_3.jpg,73,1.0,104,73,176,182
image_4.jpg,97,1.0,89,10,196,52
image_5.jpg,87,1.0,71,20,109,32
image_5.jpg,81,1.0,14,22,39,88
image_5.jpg,98,1.0,195,140,195,164
image_6.jpg,82,1.0,102,159,134,194
image_6.jpg,67,1.0,21,82,154,134
image_6.jpg,62,1.0,50,175,177,175
image_7.jpg,49,1.0,125,62,163,84
image_8.jpg,100,1.0,191,0,198,95
image_8.jpg,90,1.0,154,83,161,171
image_8.jpg,26,1.0,195,78,199,164
image_9.jpg,101,1.0,184,77,187,136
image_9.jpg,17,1.0,7,82,129,183
image_10.jpg,93,1.0,162,125,172,148
image_10.jpg,106,1.0,27,123,193,199
image_10.jpg,5,1.0,127,64,164,139
image_11.jpg,27,1.0,134,169,187,199
image_11.jpg,98,1.0,125,66,130,78
image_11.jpg,63,1.0,146,84,175,184
image_12.jpg,21,1.0,69,11,87,111
image_12.jpg,92,1.0,5,108,102,131
image_12.jpg,106,1.0,116,174,185,199
image_13.jpg,67,1.0,44,93,77,193
image_14.jpg,23,1.0,198,98,199,185
image_14.jpg,23,1.0,10,43,116,101
image_14.jpg,83,1.0,183,11,183,77
image_15.jpg,63,1.0,189,98,194,154
image_15.jpg,13,1.0,124,75,165,195
image_16.jpg,106,1.0,119,83,163,170
image_17.jpg,93,1.0,138,143,155,168
image_18.jpg,95,1.0,147,196,196,197
image_18.jpg,5,1.0,71,145,134,194
image_19.jpg,106,1.0,105,60,144,73
image_19.jpg,54,1.0,142,130,183,156
image_20.jpg,104,1.0,199,186,199,187
image_21.jpg,1,1.0,160,147,197,174
image_21.jpg,102,1.0,75,131,91,192
image_21.jpg,25,1.0,85,127,191,191
image_22.jpg,35,1.0,36,175,194,192
image_23.jpg,55,1.0,50,46,56,151
image_23.jpg,47,1.0,147,37,159,145
image_24.jpg,33,1.0,192,71,196,140
image_24.jpg,99,1.0,59,89,143,106
image_25.jpg,86,1.0,152,4,153,6
image_26.jpg,74,1.0,142,6,156,185
image_27.jpg,12,1.0,113,149,183,153
image_27.jpg,56,1.0,143,176,146,189
image_27.jpg,106,1.0,4,43,38,123
image_28.jpg,53,1.0,93,52,167,125
image_29.jpg,20,1.0,166,44,168,98
image_29.jpg,54,1.0,115,53,130,123
image_30.jpg,39,1.0,38,157,182,190
image_30.jpg,2,1.0,78,8,132,148
image_31.jpg,16,1.0,45,144,157,197
image_32.jpg,67,1.0,18,36,62,66
image_32.jpg,16,1.0,129,145,134,198
image_33.jpg,71,1.0,148,163,186,171
image_34.jpg,98,1.0,74,44,143,133
image_34.jpg,62,1.0,51,49,183,192
image_34.jpg,58,1.0,20,8,81,43
image_35.jpg,88,1.0,70,169,184,199
image_36.jpg,0,1.0,90,28,118,87
image_37.jpg,53,1.0,198,6,199,138
image_37.jpg,26,1.0,20,121,41,127
image_38.jpg,53,1.0,69,116,126,161
image_39.jpg,52,1.0,110,26,146,118
image_39.jpg,2,1.0,43,117,179,191
image_40.jpg,42,1.0,178,179,181,196
image_41.jpg,45,1.0,21,164,115,180
image_41.jpg,72,1.0,10,125,105,180
image_41.jpg,16,1.0,152,188,196,197
image_42.jpg,85,1.0,74,54,134,188
image_43.jpg,75,1.0,125,74,158,126
image_43.jpg,69,1.0,129,11,139,175
image_43.jpg,8,1.0,10,154,86,176
image_44.jpg,0,1.0,32,13,155,48
image_45.jpg,8,1.0,145,179,174,194
image_45.jpg,46,1.0,17,96,138,124
image_46.jpg,45,1.0,26,94,54,199
image_46.jpg,60,1.0,187,22,195,194
image_46.jpg,106,1.0,106,129,159,135
image_47.jpg,77,1.0,73,113,134,150
image_47.jpg,18,1.0,174,110,177,117
image_48.jpg,88,1.0,169,140,174,197
image_48.jpg,47,1.0,82,117,186,142
image_49.jpg,99,1.0,115,56,139,101
image_49.jpg,45,1.0,96,164,178,164
image_49.jpg,54,1.0,169,65,193,177
image_50.jpg,18,1.0,31,179,135,193
image_50.jpg,28,1.0,146,146,181,153
image_50.jpg,99,1.0,93,151,137,193
image_51.jpg,106,1.0,20,20,168,130
image_51.jpg,36,1.0,68,124,101,147
image_52.jpg,102,1.0,11,16,102,148
image_53.jpg,82,1.0,182,80,192,163
image_54.jpg,55,1.0,113,6,160,161
image_55.jpg,59,1.0,132,12,199,53
image_55.jpg,0,1.0,177,94,179,99
image_55.jpg,61,1.0,37,182,149,187
image_56.jpg,89,1.0,70,140,177,178
image_57.jpg,29,1.0,105,143,134,156
image_58.jpg,97,1.0,172,181,192,182
image_58.jpg,81,1.0,129,165,149,188
image_58.jpg,65,1.0,174,111,185,166
image_59.jpg,80,1.0,106,154,129,164
image_59.jpg,83,1.0,6,10,36,30
image_59.jpg,64,1.0,194,1,196,109
image_60.jpg,72,1.0,126,37,141,63
image_60.jpg,74,1.0,15,31,183,120
image_60.jpg,24,1.0,46,163,186,185
image_61.jpg,26,1.0,2,25,84,102
image_61.jpg,35,1.0,89,187,198,193
image_62.jpg,106,1.0,21,97,23,124
image_63.jpg,2,1.0,122,16,123,196
image_63.jpg,5,1.0,150,100,150,164
image_63.jpg,106,1.0,90,62,175,81
image_64.jpg,90,1.0,155,21,179,42
image_65.jpg,94,1.0,182,140,192,185
image_65.jpg,63,1.0,87,24,190,113
image_66.jpg,55,1.0,153,72,175,156
image_66.jpg,45,1.0,126,34,135,123
image_67.jpg,95,1.0,198,111,199,122
image_67.jpg,83,1.0,137,52,153,67
image_67.jpg,44,1.0,173,170,198,175
image_68.jpg,17,1.0,66,136,118,194
image_68.jpg,106,1.0,128,165,134,180
image_68.jpg,87,1.0,61,14,180,72
image_69.jpg,9,1.0,56,44,151,160
image_69.jpg,12,1.0,78,193,173,199
image_70.jpg,37,1.0,183,161,197,194
image_70.jpg,85,1.0,22,154,113,184
image_70.jpg,46,1.0,49,99,146,161
image_71.jpg,42,1.0,120,50,157,94
image_71.jpg,86,1.0,37,162,157,181
image_72.jpg,38,1.0,169,78,175,85
image_72.jpg,106,1.0,136,89,184,139
image_73.jpg,21,1.0,70,14,191,178
image_73.jpg,28,1.0,174,68,187,168
image_73.jpg,43,1.0,156,189,179,191
image_74.jpg,56,1.0,134,7,135,8
image_75.jpg,2,1.0,178,154,179,167
image_75.jpg,58,1.0,22,25,103,149
image_75.jpg,68,1.0,35,165,56,165
image_76.jpg,93,1.0,177,22,180,69
image_77.jpg,94,1.0,127,8,157,72
image_77.jpg,81,1.0,59,53,161,139
image_78.jpg,15,1.0,25,125,133,176
image_78.jpg,72,1.0,199,127,199,197
image_78.jpg,80,1.0,177,109,187,117
image_79.jpg,18,1.0,48,41,182,85
image_79.jpg,66,1.0,102,191,135,191
image_80.jpg,106,1.0,123,20,183,113
image_81.jpg,63,1.0,21,171,117,197
image_82.jpg,64,1.0,125,83,185,120
image_82.jpg,74,1.0,192,30,194,111
image_82.jpg,83,1.0,137,28,171,125
image_83.jpg,36,1.0,78,17,104,197
image_84.jpg,81,1.0,2,190,85,198
image_84.jpg,40,1.0,30,44,105,103
image_84.jpg,55,1.0,134,153,170,168
image_85.jpg,31,1.0,15,10,103,199
image_86.jpg,77,1.0,42,111,126,160
image_86.jpg,11,1.0,174,194,195,198
image_87.jpg,80,1.0,96,14,154,168
image_87.jpg,54,1.0,20,138,70,196
image_87.jpg,55,1.0,62,40,132,188
image_88.jpg,90,1.0,154,188,160,199
image_88.jpg,87,1.0,178,50,192,160
image_89.jpg,13,1.0,141,175,181,186
image_90.jpg,106,1.0,154,192,189,199
image_90.jpg,67,1.0,198,81,199,187
image_90.jpg,48,1.0,199,179,199,189
image_91.jpg,0,1.0,156,136,163,169
image_91.jpg,75,1.0,39,165,162,190
image_91.jpg,32,1.0,198,167,198,181
image_92.jpg,87,1.0,108,151,115,169
image_93.jpg,57,1.0,22,92,72,170
image_93.jpg,82,1.0,181,176,189,176
image_93.jpg,73,1.0,92,48,160,127
image_94.jpg,93,1.0,25,58,178,156
image_94.jpg,100,1.0,192,179,194,196
image_94.jpg,38,1.0,70,15,93,23
image_95.jpg,65,1.0,79,32,186,154
image_95.jpg,90,1.0,151,71,153,131
image_96.jpg,89,1.0,124,107,138,160
image_97.jpg,13,1.0,122,36,180,192
image_97.jpg,77,1.0,138,53,159,141
image_98.jpg,71,1.0,117,40,176,66
image_98.jpg,42,1.0,185,0,193,57
image_99.jpg,106,1.0,142,63,199,103
image_100.jpg,19,1.0,16,147,180,152
image_101.jpg,27,1.0,196,153,199,186
image_101.jpg,35,1.0,189,34,198,199
image_101.jpg,6,1.0,85,171,145,178
image_102.jpg,92,1.0,129,157,148,192
image_103.jpg,97,1.0,79,168,166,187
image_104.jpg,7,1.0,83,162,174,180
image_104.jpg,78,1.0,194,145,197,169
image_104.jpg,15,1.0,195,150,195,151
image_105.jpg,49,1.0,15,171,197,176
image_105.jpg,68,1.0,44,83,94,91
image_105.jpg,0,1.0,23,42,27,171
image_106.jpg,103,1.0,17,77,84,123
image_106.jpg,42,1.0,8,61,97,152
image_106.jpg,106,1.0,50,97,64,146
image_107.jpg,14,1.0,181,117,184,192
image_108.jpg,106,1.0,63,20,70,191
image_108.jpg,27,1.0,143,172,195,179
image_109.jpg,4,1.0,158,93,183,98
image_109.jpg,89,1.0,49,56,128,141
image_109.jpg,21,1.0,6,154,135,183
image_110.jpg,15,1.0,25,163,157,183
image_111.jpg,53,1.0,8,196,24,198
image_111.jpg,13,1.0,167,105,191,108
image_112.jpg,28,1.0,113,34,168,95
image_112.jpg,13,1.0,138,68,173,141
image_113.jpg,42,1.0,193,111,199,140
image_113.jpg,29,1.0,83,109,172,157
image_113.jpg,11,1.0,41,129,182,194
image_114.jpg,36,1.0,193,6,195,183
image_115.jpg,41,1.0,67,62,191,118
image_116.jpg,32,1.0,18,17,192,43
image_116.jpg,101,1.0,36,44,71,75
image_117.jpg,74,1.0,192,171,192,198
image_118.jpg,39,1.0,16,32,24,156
image_118.jpg,61,1.0,189,99,193,144
image_119.jpg,78,1.0,191,100,193,139
image_119.jpg,86,1.0,147,187,179,195
image_119.jpg,102,1.0,144,150,159,180
image_120.jpg,39,1.0,3,22,30,50
image_120.jpg,14,1.0,184,113,188,132
image_120.jpg,82,1.0,44,158,75,175
image_121.jpg,99,1.0,65,36,184,54
image_122.jpg,66,1.0,178,168,184,172
image_122.jpg,97,1.0,132,7,178,58
image_123.jpg,106,1.0,115,154,196,180
image_123.jpg,70,1.0,100,34,138,196
image_124.jpg,86,1.0,47,192,120,199
image_124.jpg,39,1.0,69,152,84,187
image_124.jpg,3,1.0,161,127,182,199
image_125.jpg,59,1.0,122,149,180,164
image_126.jpg,17,1.0,115,2,199,26
image_126.jpg,29,1.0,61,83,113,92
image_127.jpg,29,1.0,89,11,163,23
image_128.jpg,9,1.0,36,199,135,199
image_129.jpg,76,1.0,28,175,45,188
image_129.jpg,61,1.0,186,193,197,196
image_129.jpg,59,1.0,75,57,153,77
image_130.jpg,71,1.0,82,112,187,145
image_130.jpg,30,1.0,80,38,106,130
image_131.jpg,31,1.0,3,118,82,142
image_131.jpg,40,1.0,16,77,137,80
image_131.jpg,14,1.0,124,6,140,87
image_132.jpg,82,1.0,21,89,93,114
image_132.jpg,68,1.0,41,136,71,148
image_133.jpg,9,1.0,109,128,139,132
image_134.jpg,103,1.0,136,0,161,70
image_135.jpg,39,1.0,28,106,196,115
image_136.jpg,2,1.0,64,68,127,177
image_136.jpg,104,1.0,178,127,185,137
image_137.jpg,49,1.0,156,6,164,152
image_138.jpg,74,1.0,130,46,196,143
image_138.jpg,30,1.0,100,89,131,192
image_138.jpg,6,1.0,171,165,194,197
image_139.jpg,14,1.0,83,89,198,159
image_139.jpg,67,1.0,175,170,196,192
image_140.jpg,54,1.0,93,59,175,138
image_140.jpg,94,1.0,101,148,142,175
image_141.jpg,54,1.0,162,187,198,188
image_141.jpg,49,1.0,55,162,153,196
image_141.jpg,94,1.0,24,142,116,155
image_142.jpg,61,1.0,119,175,163,190
image_143.jpg,106,1.0,154,39,184,82
image_143.jpg,48,1.0,143,194,171,195
image_144.jpg,69,1.0,180,124,185,194
image_144.jpg,79,1.0,10,57,124,196
image_144.jpg,50,1.0,130,199,170,199
image_145.jpg,14,1.0,93,88,106,131
image_145.jpg,31,1.0,14,198,40,199
image_146.jpg,20,1.0,105,80,174,150
image_146.jpg,62,1.0,138,105,150,181
image_146.jpg,95,1.0,22,118,44,145
image_147.jpg,1,1.0,101,26,184,177
image_147.jpg,38,1.0,33,133,43,178
image_147.jpg,17,1.0,174,199,186,199
image_148.jpg,78,1.0,135,159,141,190
image_149.jpg,103,1.0,11,47,198,150
image_150.jpg,87,1.0,12,152,61,192
image_151.jpg,37,1.0,91,194,164,198
image_151.jpg,84,1.0,45,48,136,176
image_151.jpg,22,1.0,93,23,130,40
image_152.jpg,39,1.0,50,183,84,194
image_153.jpg,106,1.0,52,127,145,149
image_153.jpg,93,1.0,20,20,42,196
image_153.jpg,27,1.0,90,163,165,189
image_154.jpg,47,1.0,168,150,185,169
image_155.jpg,76,1.0,81,39,102,166
image_155.jpg,63,1.0,173,109,177,145
image_156.jpg,11,1.0,72,49,109,76
image_156.jpg,58,1.0,35,67,59,85
image_156.jpg,25,1.0,30,38,96,67
image_157.jpg,87,1.0,181,18,188,85
image_157.jpg,9,1.0,45,130,49,177
image_158.jpg,80,1.0,34,164,76,164
image_158.jpg,24,1.0,100,68,180,198
image_159.jpg,72,1.0,142,47,190,77
image_160.jpg,97,1.0,179,41,179,79
image_161.jpg,48,1.0,68,140,83,151
image_161.jpg,106,1.0,8,172,21,177
image_161.jpg,9,1.0,125,192,173,193
image_162.jpg,102,1.0,156,127,165,164
image_162.jpg,106,1.0,129,36,188,180
image_162.jpg,66,1.0,128,105,147,192
image_163.jpg,27,1.0,159,88,195,152
image_163.jpg,79,1.0,60,89,85,132
image_164.jpg,33,1.0,93,85,144,188
image_165.jpg,45,1.0,185,159,198,196
image_165.jpg,49,1.0,163,156,179,159
image_166.jpg,89,1.0,136,57,175,128
image_167.jpg,52,1.0,173,102,179,198
image_167.jpg,58,1.0,105,52,137,92
image_167.jpg,101,1.0,141,85,164,181
image_168.jpg,74,1.0,90,152,130,192
image_168.jpg,26,1.0,47,22,177,180
image_169.jpg,19,1.0,106,73,137,179
image_169.jpg,13,1.0,22,125,164,133
image_170.jpg,91,1.0,11,9,28,76
image_170.jpg,97,1.0,78,0,150,194
image_170.jpg,65,1.0,33,6,88,7
image_171.jpg,100,1.0,67,131,127,150
image_171.jpg,39,1.0,83,145,162,182
image_172.jpg,101,1.0,28,60,115,164
image_172.jpg,88,1.0,130,0,131,81
image_173.jpg,67,1.0,177,60,190,97
image_173.jpg,7,1.0,142,108,172,169
image_174.jpg,62,1.0,174,11,195,109
image_174.jpg,48,1.0,76,75,100,83
image_175.jpg,61,1.0,102,60,192,194
image_175.jpg,66,1.0,13,138,101,172
image_176.jpg,106,1.0,89,99,188,127
image_176.jpg,81,1.0,39,85,178,170
image_176.jpg,78,1.0,91,37,172,91
image_177.jpg,78,1.0,96,150,177,175
image_177.jpg,54,1.0,48,126,52,194
image_177.jpg,92,1.0,169,149,185,154
image_178.jpg,24,1.0,193,130,195,152
image_178.jpg,52,1.0,121,156,171,193
image_178.jpg,44,1.0,192,139,193,164
image_179.jpg,106,1.0,165,145,174,193
image_179.jpg,0,1.0,130,21,130,101
image_180.jpg,45,1.0,17,15,98,72
image_180.jpg,5,1.0,83,164,150,170
image_180.jpg,3,1.0,7,94,77,118
image_181.jpg,13,1.0,28,73,145,80
image_181.jpg,79,1.0,140,26,183,170
image_181.jpg,95,1.0,43,101,64,158
image_182.jpg,87,1.0,42,174,182,191
image_182.jpg,80,1.0,195,158,199,197
image_183.jpg,106,1.0,22,167,181,189
image_183.jpg,90,1.0,192,94,194,186
image_184.jpg,67,1.0,8,183,162,188
image_184.jpg,75,1.0,26,195,38,198
image_185.jpg,55,1.0,103,26,182,171
image_186.jpg,48,1.0,181,25,195,35
image_186.jpg,49,1.0,187,191,194,198
image_186.jpg,97,1.0,163,190,178,192
image_187.jpg,93,1.0,56,91,74,104
image_187.jpg,40,1.0,180,12,190,179
image_188.jpg,5,1.0,27,20,127,152
image_189.jpg,11,1.0,8,162,75,186
image_189.jpg,5,1.0,135,146,162,153
image_190.jpg,8,1.0,34,114,169,179
image_191.jpg,105,1.0,85,117,137,153
image_192.jpg,73,1.0,180,168,182,194
image_192.jpg,5,1.0,14,121,105,165
image_192.jpg,46,1.0,74,53,77,182
image_193.jpg,50,1.0,75,25,199,124
image_193.jpg,24,1.0,124,136,156,150
image_193.jpg,106,1.0,131,146,198,175
image_194.jpg,38,1.0,179,55,189,146
image_195.jpg,106,1.0,182,175,197,197
image_195.jpg,90,1.0,143,30,154,107
image_196.jpg,35,1.0,164,24,174,77
image_197.jpg,72,1.0,97,29,149,92
image_197.jpg,30,1.0,3,99,187,123
image_197.jpg,24,1.0,163,186,185,186
image_198.jpg,26,1.0,88,189,197,194
image_198.jpg,77,1.0,136,113,196,119
image_198.jpg,24,1.0,195,87,199,144
image_199.jpg,104,1.0,55,48,66,135
image_199.jpg,91,1.0,44,92,182,105
image_200.jpg,10,1.0,65,119,199,180
image_201.jpg,9,1.0,27,152,70,174
image_201.jpg,48,1.0,116,76,127,175
image_202.jpg,105,1.0,124,120,171,184
image_202.jpg,14,1.0,25,105,113,110
image_203.jpg,64,1.0,176,30,193,180
image_203.jpg,16,1.0,48,165,189,169
image_203.jpg,34,1.0,185,117,195,157
image_204.jpg,60,1.0,81,88,120,186
image_205.jpg,6,1.0,125,7,187,134
image_206.jpg,59,1.0,182,142,183,153
image_206.jpg,49,1.0,21,131,145,161
image_206.jpg,48,1.0,151,147,185,192
image_207.jpg,67,1.0,0,123,156,173
image_207.jpg,46,1.0,163,121,192,198
image_208.jpg,106,1.0,128,21,181,38
image_208.jpg,7,1.0,157,160,186,168
image_208.jpg,82,1.0,88,96,180,151
image_209.jpg,93,1.0,21,124,134,157
image_209.jpg,83,1.0,96,10,160,96
image_209.jpg,48,1.0,52,88,181,175
image_210.jpg,85,1.0,119,116,139,151
image_210.jpg,91,1.0,183,67,187,147
image_210.jpg,80,1.0,129,136,171,156
image_211.jpg,17,1.0,55,0,177,43
image_212.jpg,52,1.0,21,88,193,131
image_212.jpg,93,1.0,140,44,165,147
image_212.jpg,71,1.0,69,195,146,198
image_213.jpg,28,1.0,50,106,93,131
image_213.jpg,62,1.0,11,139,38,199
image_214.jpg,7,1.0,157,141,161,170
image_214.jpg,59,1.0,170,176,196,189
image_214.jpg,105,1.0,124,54,125,102
image_215.jpg,39,1.0,20,19,58,191
image_216.jpg,25,1.0,24,46,188,73
image_216.jpg,31,1.0,75,178,194,186
image_217.jpg,2,1.0,186,36,189,138
image_217.jpg,10,1.0,150,70,183,89
image_217.jpg,71,1.0,47,189,99,193
image_218.jpg,85,1.0,87,142,118,175
image_219.jpg,21,1.0,164,115,186,151
image_219.jpg,8,1.0,22,104,29,197
image_220.jpg,34,1.0,183,195,184,199
image_220.jpg,6,1.0,119,13,184,166
image_221.jpg,18,1.0,99,171,154,185
image_221.jpg,103,1.0,184,34,197,125
image_222.jpg,24,1.0,150,59,171,175
image_223.jpg,26,1.0,55,162,133,184
image_223.jpg,95,1.0,41,148,191,196
image_223.jpg,82,1.0,67,121,90,178
image_224.jpg,26,1.0,179,53,181,101
image_224.jpg,63,1.0,149,26,162,101
image_225.jpg,100,1.0,174,98,192,120
image_226.jpg,53,1.0,32,63,69,93
image_226.jpg,50,1.0,37,73,140,134
image_226.jpg,93,1.0,44,179,132,192
image_227.jpg,71,1.0,125,76,197,79
image_227.jpg,78,1.0,199,188,199,196
image_227.jpg,15,1.0,67,141,157,160
image_228.jpg,62,1.0,119,190,187,197
image_228.jpg,100,1.0,5,87,44,105
image_228.jpg,37,1.0,195,153,198,184
image_229.jpg,66,1.0,2,76,119,98
image_230.jpg,95,1.0,32,124,94,134
image_230.jpg,38,1.0,75,171,180,195
image_230.jpg,60,1.0,179,101,191,139
image_231.jpg,38,1.0,123,41,189,88
image_232.jpg,4,1.0,25,42,126,134
image_233.jpg,37,1.0,198,171,199,189
image_233.jpg,17,1.0,120,91,161,127
image_234.jpg,99,1.0,123,9,185,38
image_234.jpg,36,1.0,9,86,35,90
image_235.jpg,92,1.0,85,19,88,199
image_235.jpg,10,1.0,47,86,85,180
image_235.jpg,3,1.0,46,191,156,196
image_236.jpg,99,1.0,35,93,153,162
image_237.jpg,90,1.0,80,191,94,197
image_237.jpg,33,1.0,49,177,80,177
image_237.jpg,26,1.0,123,20,188,133
image_238.jpg,82,1.0,190,167,191,175
image_238.jpg,99,1.0,11,158,199,194
image_239.jpg,33,1.0,98,114,164,119
image_240.jpg,91,1.0,38,48,83,198
image_241.jpg,101,1.0,110,60,146,81
image_241.jpg,46,1.0,24,111,37,116
image_241.jpg,89,1.0,60,97,74,185
image_242.jpg,13,1.0,53,69,154,120
image_242.jpg,63,1.0,23,76,187,185
image_242.jpg,1,1.0,54,141,184,198
image_243.jpg,101,1.0,117,168,153,181
image_244.jpg,71,1.0,195,108,196,197
image_244.jpg,79,1.0,197,85,198,85
image_245.jpg,39,1.0,181,125,188,175
image_245.jpg,80,1.0,183,149,192,167
image_246.jpg,75,1.0,154,170,162,184
image_247.jpg,86,1.0,66,5,90,197
image_247.jpg,35,1.0,23,164,105,188
image_247.jpg,94,1.0,189,73,198,162
image_248.jpg,46,1.0,3,86,16,103
image_249.jpg,65,1.0,139,101,147,125
image_249.jpg,33,1.0,35,66,97,156
image_249.jpg,92,1.0,80,126,167,187
image_250.jpg,15,1.0,11,125,70,160
image_251.jpg,106,1.0,188,39,189,176
image_251.jpg,54,1.0,52,11,55,198
image_252.jpg,85,1.0,102,62,194,169
image_253.jpg,60,1.0,149,95,152,170
image_253.jpg,7,1.0,190,134,194,169
image_254.jpg,0,1.0,123,31,137,72
image_255.jpg,19,1.0,152,52,185,196
image_255.jpg,72,1.0,115,71,120,142
image_256.jpg,0,1.0,58,176,190,177
image_256.jpg,69,1.0,56,41,116,117
image_256.jpg,14,1.0,83,84,95,150
image_257.jpg,17,1.0,154,123,172,179
image_257.jpg,49,1.0,123,56,176,134
image_257.jpg,26,1.0,186,159,188,178
image_258.jpg,92,1.0,144,130,169,170
image_259.jpg,73,1.0,128,95,173,135
image_260.jpg,57,1.0,82,169,114,172
image_260.jpg,70,1.0,148,157,177,183
image_260.jpg,105,1.0,190,8,197,73
image_261.jpg,60,1.0,147,51,189,60
image_261.jpg,61,1.0,137,115,155,142
image_261.jpg,50,1.0,71,57,192,185
image_262.jpg,50,1.0,111,6,127,113
image_263.jpg,37,1.0,70,140,109,167
image_263.jpg,31,1.0,121,18,141,91
image_263.jpg,11,1.0,22,90,156,164
image_264.jpg,106,1.0,155,44,192,139
image_265.jpg,33,1.0,23,59,131,182
image_265.jpg,52,1.0,153,174,174,175
image_266.jpg,3,1.0,38,164,172,169
image_267.jpg,92,1.0,39,14,142,15
image_268.jpg,97,1.0,94,113,101,145
image_269.jpg,27,1.0,20,71,195,165
image_269.jpg,65,1.0,198,92,199,139
image_270.jpg,91,1.0,61,46,162,105
image_271.jpg,82,1.0,81,157,140,178
image_271.jpg,99,1.0,113,119,184,125
image_271.jpg,4,1.0,139,2,198,82
image_272.jpg,78,1.0,100,185,157,191
image_272.jpg,49,1.0,121,39,179,46
image_272.jpg,82,1.0,22,127,199,153
image_273.jpg,74,1.0,94,59,192,68
image_273.jpg,70,1.0,194,159,197,181
image_274.jpg,74,1.0,194,124,198,178
image_274.jpg,43,1.0,36,77,144,100
image_275.jpg,90,1.0,68,140,109,193
image_275.jpg,47,1.0,26,97,108,185
image_276.jpg,104,1.0,151,78,186,129
image_276.jpg,51,1.0,93,137,101,186
image_277.jpg,106,1.0,191,60,199,191
image_277.jpg,103,1.0,128,63,163,147
image_278.jpg,106,1.0,188,167,196,196
image_279.jpg,46,1.0,139,3,163,99
image_280.jpg,10,1.0,92,166,196,175
image_280.jpg,89,1.0,64,9,149,100
image_280.jpg,75,1.0,142,136,143,182
image_281.jpg,87,1.0,199,9,199,144
image_282.jpg,60,1.0,123,39,184,64
image_282.jpg,53,1.0,110,75,157,171
image_282.jpg,69,1.0,61,183,177,187
image_283.jpg,41,1.0,104,94,196,184
image_284.jpg,96,1.0,186,13,199,82
image_284.jpg,23,1.0,104,75,159,77
image_285.jpg,21,1.0,177,88,180,170
image_286.jpg,25,1.0,32,73,112,75
image_287.jpg,81,1.0,101,184,168,193
image_287.jpg,75,1.0,149,172,154,199
image_287.jpg,10,1.0,104,20,148,184
image_288.jpg,91,1.0,52,32,78,123
image_288.jpg,96,1.0,171,168,197,187
image_288.jpg,2,1.0,7,175,175,180
image_289.jpg,62,1.0,104,26,119,100
image_290.jpg,41,1.0,154,53,177,104
image_290.jpg,40,1.0,87,45,103,86
image_291.jpg,95,1.0,167,68,183,122
image_291.jpg,51,1.0,108,150,166,190
image_292.jpg,96,1.0,146,92,168,99
image_292.jpg,75,1.0,168,7,170,37
image_292.jpg,75,1.0,189,13,198,73
image_293.jpg,14,1.0,74,79,111,128
image_293.jpg,87,1.0,172,106,187,109
image_294.jpg,102,1.0,150,34,186,169
image_294.jpg,4,1.0,169,47,188,98
image_295.jpg,101,1.0,114,5,125,104
image_295.jpg,103,1.0,143,69,195,100
image_296.jpg,34,1.0,51,144,75,199
image_296.jpg,54,1.0,33,129,132,157
image_296.jpg,54,1.0,116,21,154,162
image_297.jpg,92,1.0,72,60,193,193
image_297.jpg,36,1.0,197,84,198,162
image_297.jpg,76,1.0,37,164,182,181
image_298.jpg,27,1.0,113,33,189,197
image_298.jpg,55,1.0,160,145,168,147
image_299.jpg,27,1.0,15,103,132,126
image_300.jpg,46,1.0,192,47,197,107
image_301.jpg,105,1.0,197,129,199,181
image_302.jpg,16,1.0,119,87,199,118
image_302.jpg,67,1.0,21,144,146,151
image_303.jpg,32,1.0,65,65,182,144
image_304.jpg,41,1.0,138,72,144,151
image_304.jpg,106,1.0,83,35,142,64
image_304.jpg,14,1.0,134,33,189,164
image_305.jpg,103,1.0,67,51,120,73
image_306.jpg,90,1.0,34,8,194,125
image_306.jpg,67,1.0,8,79,121,90
image_306.jpg,86,1.0,189,187,193,198
image_307.jpg,35,1.0,17,96,95,136
image_307.jpg,10,1.0,139,180,158,180
image_307.jpg,17,1.0,70,82,95,173
image_308.jpg,77,1.0,28,41,156,167
image_308.jpg,16,1.0,75,196,192,198
image_309.jpg,66,1.0,195,129,197,193
image_310.jpg,98,1.0,162,196,177,197
image_311.jpg,70,1.0,13,17,167,196
image_312.jpg,36,1.0,102,119,125,169
image_312.jpg,24,1.0,121,140,161,188
image_312.jpg,15,1.0,89,196,134,196
image_313.jpg,67,1.0,14,43,24,54
image_313.jpg,90,1.0,197,132,197,189
image_313.jpg,89,1.0,74,13,89,160
image_314.jpg,7,1.0,41,30,173,37
image_314.jpg,14,1.0,195,156,195,199
image_315.jpg,40,1.0,37,165,121,169
image_316.jpg,45,1.0,114,156,180,194
image_316.jpg,103,1.0,147,137,157,169
image_316.jpg,34,1.0,55,6,135,30
image_317.jpg,74,1.0,71,145,136,154
image_317.jpg,17,1.0,113,138,135,165
image_318.jpg,105,1.0,181,106,199,198
image_319.jpg,92,1.0,180,9,187,171
image_319.jpg,46,1.0,95,118,116,149
image_320.jpg,76,1.0,151,84,156,198
image_320.jpg,26,1.0,167,39,197,69
image_320.jpg,89,1.0,133,87,190,124
image_321.jpg,84,1.0,176,85,195,163
image_321.jpg,64,1.0,47,26,62,154
image_322.jpg,87,1.0,103,112,174,180
image_322.jpg,91,1.0,12,76,69,82
image_323.jpg,43,1.0,78,78,187,80
image_323.jpg,26,1.0,44,166,51,173
image_323.jpg,91,1.0,166,158,177,191
image_324.jpg,106,1.0,167,68,180,107
image_324.jpg,19,1.0,180,94,182,125
image_325.jpg,22,1.0,16,130,46,175
image_325.jpg,75,1.0,187,135,189,183
image_326.jpg,51,1.0,186,95,194,148
image_326.jpg,14,1.0,102,112,181,132
image_327.jpg,25,1.0,137,128,190,180
image_327.jpg,62,1.0,156,165,167,183
image_327.jpg,6,1.0,108,30,183,35
image_328.jpg,73,1.0,36,32,81,67
image_328.jpg,36,1.0,189,44,196,143
image_329.jpg,36,1.0,31,170,180,173
image_330.jpg,27,1.0,17,94,124,114
image_331.jpg,50,1.0,52,102,67,118
image_331.jpg,92,1.0,158,114,187,122
image_332.jpg,80,1.0,74,42,199,183
image_333.jpg,26,1.0,158,148,168,168
image_334.jpg,66,1.0,110,81,198,114
image_334.jpg,93,1.0,27,76,173,129
image_335.jpg,97,1.0,150,117,195,144
image_335.jpg,78,1.0,34,171,87,184
image_336.jpg,77,1.0,193,173,193,194
image_336.jpg,69,1.0,6,177,128,192
image_337.jpg,59,1.0,97,128,136,142
image_337.jpg,106,1.0,55,88,108,138
image_338.jpg,11,1.0,104,59,131,123
image_338.jpg,52,1.0,40,181,66,194
image_339.jpg,44,1.0,86,47,110,152
image_339.jpg,70,1.0,196,113,196,142
image_340.jpg,28,1.0,80,52,144,134
image_340.jpg,80,1.0,142,7,170,186
image_341.jpg,47,1.0,100,54,111,175
image_341.jpg,25,1.0,49,166,159,167
image_342.jpg,90,1.0,107,183,182,193
image_342.jpg,87,1.0,41,15,174,178
image_342.jpg,24,1.0,104,1,137,70
image_343.jpg,91,1.0,26,29,187,36
image_343.jpg,82,1.0,127,171,163,185
image_343.jpg,7,1.0,192,38,192,134
image_344.jpg,32,1.0,162,3,168,22
image_344.jpg,45,1.0,104,4,120,125
image_344.jpg,59,1.0,113,138,137,195
image_345.jpg,52,1.0,82,76,181,188
image_345.jpg,73,1.0,173,192,199,192
image_345.jpg,22,1.0,106,93,110,135
image_346.jpg,74,1.0,173,50,197,152
image_346.jpg,91,1.0,37,73,130,179
image_347.jpg,106,1.0,157,193,179,196
image_347.jpg,69,1.0,126,188,131,198
image_348.jpg,2,1.0,147,72,153,85
image_348.jpg,55,1.0,129,93,158,148
image_349.jpg,94,1.0,170,3,182,63
image_350.jpg,47,1.0,104,79,137,139
image_350.jpg,0,1.0,171,32,173,95
image_351.jpg,61,1.0,189,198,189,199
image_352.jpg,59,1.0,169,81,199,183
image_352.jpg,74,1.0,135,18,150,58
image_353.jpg,1,1.0,17,120,106,189
image_354.jpg,42,1.0,185,61,191,98
image_355.jpg,27,1.0,54,30,186,38
image_355.jpg,38,1.0,35,187,86,195
image_356.jpg,7,1.0,178,81,187,146
image_357.jpg,59,1.0,37,133,68,145
image_357.jpg,83,1.0,46,88,188,117
image_358.jpg,106,1.0,85,50,197,132
image_358.jpg,36,1.0,93,8,184,22
image_359.jpg,35,1.0,50,36,93,119
image_360.jpg,45,1.0,122,81,145,81
image_360.jpg,80,1.0,71,87,174,136
image_361.jpg,105,1.0,178,179,195,196
image_361.jpg,14,1.0,149,34,182,163
image_362.jpg,82,1.0,49,50,123,131
image_362.jpg,26,1.0,97,69,131,177
image_362.jpg,22,1.0,115,130,167,192
image_363.jpg,11,1.0,155,191,194,193
image_363.jpg,67,1.0,122,79,199,104
image_363.jpg,58,1.0,42,80,84,186
image_364.jpg,22,1.0,177,110,184,137
image_364.jpg,75,1.0,65,21,148,34
image_365.jpg,20,1.0,186,26,191,142
image_366.jpg,90,1.0,19,132,183,191
image_366.jpg,94,1.0,178,152,183,194
image_367.jpg,16,1.0,68,187,116,190
image_367.jpg,22,1.0,150,21,154,113
image_368.jpg,101,1.0,121,115,163,146
image_368.jpg,12,1.0,50,102,110,161
image_368.jpg,61,1.0,178,97,188,113
image_369.jpg,90,1.0,2,101,18,124
image_369.jpg,64,1.0,195,177,197,199
image_370.jpg,11,1.0,179,163,180,188
image_370.jpg,69,1.0,110,46,186,95
image_371.jpg,3,1.0,156,83,167,139
image_371.jpg,106,1.0,196,150,199,186
image_372.jpg,13,1.0,104,104,187,129
image_372.jpg,35,1.0,146,189,185,192
image_373.jpg,30,1.0,91,11,143,126
image_373.jpg,59,1.0,125,103,151,111
image_373.jpg,80,1.0,165,143,170,162
image_374.jpg,14,1.0,107,184,124,199
image_374.jpg,13,1.0,192,154,192,165
image_375.jpg,42,1.0,93,184,96,185
image_375.jpg,60,1.0,113,64,178,181
image_376.jpg,33,1.0,57,168,91,191
image_376.jpg,58,1.0,72,86,116,125
image_377.jpg,33,1.0,79,27,165,158
image_377.jpg,68,1.0,183,115,198,165
image_378.jpg,11,1.0,159,155,159,193
image_378.jpg,8,1.0,90,46,152,52
image_378.jpg,32,1.0,3,194,139,194
image_379.jpg,106,1.0,46,188,103,188
image_380.jpg,95,1.0,133,7,191,115
image_380.jpg,8,1.0,28,105,108,118
image_380.jpg,93,1.0,39,92,123,97
image_381.jpg,31,1.0,124,85,149,196
image_381.jpg,65,1.0,35,106,115,131
image_382.jpg,36,1.0,22,89,160,153
image_382.jpg,78,1.0,0,51,30,62
image_382.jpg,2,1.0,132,92,158,119
image_383.jpg,17,1.0,83,182,113,193
image_384.jpg,60,1.0,191,96,196,175
image_385.jpg,86,1.0,183,128,195,188
image_386.jpg,66,1.0,160,193,169,197
image_386.jpg,62,1.0,178,148,181,185
image_386.jpg,96,1.0,68,142,196,167
image_387.jpg,101,1.0,177,183,178,191
image_387.jpg,35,1.0,161,173,173,184
image_387.jpg,77,1.0,104,196,159,198
image_388.jpg,21,1.0,39,83,136,176
image_388.jpg,105,1.0,4,173,27,189
image_389.jpg,3,1.0,50,87,83,176
image_390.jpg,70,1.0,19,191,181,194
image_390.jpg,5,1.0,113,160,167,174
image_390.jpg,16,1.0,187,59,195,70
image_391.jpg,67,1.0,107,102,116,189
image_391.jpg,52,1.0,104,25,146,40
image_391.jpg,1,1.0,115,152,157,172
image_392.jpg,64,1.0,190,174,199,177
image_392.jpg,42,1.0,81,20,148,94
image_393.jpg,106,1.0,16,91,156,103
image_394.jpg,43,1.0,118,32,173,177
image_394.jpg,48,1.0,122,164,177,199
image_394.jpg,69,1.0,181,77,195,77
image_395.jpg,36,1.0,177,189,196,189
image_395.jpg,74,1.0,23,146,125,168
image_395.jpg,94,1.0,94,56,128,143
image_396.jpg,81,1.0,186,1,194,2
image_396.jpg,76,1.0,65,136,182,171
image_396.jpg,2,1.0,125,45,142,165
image_397.jpg,86,1.0,23,185,97,185
image_397.jpg,87,1.0,58,122,111,164
image_398.jpg,42,1.0,156,183,173,197
image_399.jpg,84,1.0,60,159,192,188
image_399.jpg,7,1.0,50,35,177,74
image_400.jpg,1,1.0,47,186,186,196
image_401.jpg,33,1.0,47,156,126,165
image_402.jpg,97,1.0,151,101,171,177
image_402.jpg,55,1.0,194,106,199,115
image_402.jpg,76,1.0,61,191,191,192
image_403.jpg,73,1.0,105,149,159,159
image_403.jpg,49,1.0,47,113,165,180
image_404.jpg,17,1.0,96,106,126,149
image_404.jpg,9,1.0,134,130,135,160
image_404.jpg,71,1.0,114,113,152,178
image_405.jpg,94,1.0,43,108,122,153
image_406.jpg,92,1.0,37,199,38,199
image_407.jpg,97,1.0,53,107,55,189
image_407.jpg,4,1.0,60,70,195,174
image_408.jpg,103,1.0,7,71,105,197
image_408.jpg,26,1.0,166,28,173,74
image_409.jpg,24,1.0,26,11,104,53
image_409.jpg,1,1.0,7,94,34,148
image_409.jpg,60,1.0,84,110,197,148
image_410.jpg,11,1.0,19,179,164,186
image_411.jpg,52,1.0,65,176,182,198
image_411.jpg,11,1.0,56,51,106,166
image_412.jpg,93,1.0,4,171,42,176
image_412.jpg,32,1.0,29,169,130,186
image_412.jpg,64,1.0,150,164,189,183
image_413.jpg,79,1.0,196,142,199,185
image_413.jpg,61,1.0,145,151,197,161
image_413.jpg,94,1.0,172,3,193,198
image_414.jpg,44,1.0,126,46,187,52
image_414.jpg,10,1.0,30,7,72,16
image_414.jpg,67,1.0,126,101,131,181
image_415.jpg,5,1.0,98,147,98,153
image_416.jpg,105,1.0,56,112,104,112
image_416.jpg,36,1.0,160,126,172,164
image_417.jpg,64,1.0,108,163,132,193
image_417.jpg,106,1.0,61,15,97,116
image_418.jpg,64,1.0,165,133,179,170
image_418.jpg,74,1.0,131,4,163,154
image_418.jpg,91,1.0,50,109,139,160
image_419.jpg,74,1.0,50,85,118,133
image_420.jpg,101,1.0,135,30,178,199
image_420.jpg,80,1.0,75,165,197,176
image_421.jpg,91,1.0,124,149,161,173
image_421.jpg,106,1.0,144,184,145,190
image_422.jpg,82,1.0,185,34,188,121
image_423.jpg,71,1.0,77,156,162,171
image_423.jpg,106,1.0,58,126,118,191
image_424.jpg,52,1.0,21,155,101,159
image_424.jpg,63,1.0,148,89,151,133
image_425.jpg,42,1.0,87,176,152,179
image_425.jpg,37,1.0,116,132,153,184
image_426.jpg,82,1.0,23,68,31,152
image_427.jpg,61,1.0,188,145,188,149
image_427.jpg,35,1.0,172,65,189,133
image_427.jpg,80,1.0,134,124,175,141
image_428.jpg,56,1.0,103,14,148,63
image_428.jpg,106,1.0,109,24,149,192
image_429.jpg,106,1.0,1,13,119,51
image_430.jpg,81,1.0,16,110,66,134
image_430.jpg,22,1.0,15,2,124,8
image_430.jpg,95,1.0,131,63,193,93
image_431.jpg,30,1.0,183,98,191,116
image_431.jpg,27,1.0,65,181,114,197
image_431.jpg,63,1.0,74,2,139,136
image_432.jpg,49,1.0,99,131,149,133
image_432.jpg,23,1.0,15,100,181,159
image_433.jpg,15,1.0,96,54,181,156
image_434.jpg,84,1.0,5,1,64,172
image_434.jpg,98,1.0,22,110,93,133
image_435.jpg,40,1.0,98,158,159,158
image_435.jpg,35,1.0,108,31,140,43
image_436.jpg,4,1.0,23,176,85,177
image_437.jpg,51,1.0,65,189,92,197
image_437.jpg,71,1.0,111,94,148,108
image_437.jpg,106,1.0,193,155,198,196
image_438.jpg,93,1.0,174,100,182,135
image_439.jpg,6,1.0,114,0,170,92
image_440.jpg,106,1.0,159,96,159,116
image_440.jpg,87,1.0,122,150,179,191
image_440.jpg,93,1.0,148,122,154,130
image_441.jpg,28,1.0,117,143,152,164
image_441.jpg,82,1.0,193,31,196,147
image_442.jpg,88,1.0,78,86,158,174
image_442.jpg,81,1.0,43,182,112,194
image_442.jpg,52,1.0,65,35,95,61
image_443.jpg,106,1.0,86,97,130,143
image_443.jpg,87,1.0,169,78,175,149
image_443.jpg,5,1.0,25,50,148,64
image_444.jpg,36,1.0,64,178,114,196
image_444.jpg,99,1.0,95,191,116,191
image_444.jpg,7,1.0,83,132,119,170
image_445.jpg,23,1.0,15,189,152,198
image_445.jpg,11,1.0,100,50,109,98
image_446.jpg,39,1.0,87,164,131,166
image_447.jpg,54,1.0,70,28,91,141
image_448.jpg,69,1.0,26,121,122,151
image_449.jpg,93,1.0,72,39,88,96
image_449.jpg,3,1.0,119,125,146,128
image_449.jpg,2,1.0,85,23,88,109
image_450.jpg,11,1.0,157,147,195,194
image_450.jpg,102,1.0,143,111,195,161
image_450.jpg,45,1.0,22,110,193,184
image_451.jpg,79,1.0,97,82,180,177
image_452.jpg,51,1.0,30,88,31,101
image_452.jpg,86,1.0,61,59,72,153
image_452.jpg,93,1.0,44,134,198,149
image_453.jpg,34,1.0,117,139,142,162
image_453.jpg,56,1.0,198,136,198,143
image_453.jpg,5,1.0,176,101,192,172
image_454.jpg,106,1.0,6,10,94,81
image_454.jpg,106,1.0,180,70,183,96
image_454.jpg,22,1.0,127,19,184,80
image_455.jpg,11,1.0,121,77,161,120
image_456.jpg,98,1.0,26,199,127,199
image_456.jpg,9,1.0,97,97,159,171
image_456.jpg,106,1.0,177,99,196,139
image_457.jpg,22,1.0,109,176,185,177
image_457.jpg,33,1.0,193,60,199,172
image_457.jpg,100,1.0,13,101,141,132
image_458.jpg,31,1.0,118,127,130,160
image_458.jpg,103,1.0,38,153,93,178
image_459.jpg,10,1.0,3,156,125,168
image_460.jpg,106,1.0,76,157,103,160
image_460.jpg,26,1.0,15,81,152,164
image_460.jpg,42,1.0,20,147,59,149
image_461.jpg,42,1.0,113,194,126,198
image_462.jpg,81,1.0,134,74,151,127
image_462.jpg,89,1.0,173,142,174,154
image_462.jpg,106,1.0,147,120,191,145
image_463.jpg,66,1.0,108,22,183,72
image_463.jpg,74,1.0,191,133,196,181
image_463.jpg,43,1.0,79,199,115,199
image_464.jpg,7,1.0,171,158,186,182
image_464.jpg,66,1.0,123,35,190,103
image_465.jpg,21,1.0,51,90,131,134
image_466.jpg,100,1.0,72,41,158,45
image_466.jpg,58,1.0,48,32,161,167
image_467.jpg,91,1.0,46,156,103,171
image_467.jpg,61,1.0,191,116,199,188
image_468.jpg,10,1.0,23,111,97,190
image_469.jpg,6,1.0,138,154,181,178
image_469.jpg,6,1.0,2,119,167,155
image_470.jpg,36,1.0,46,195,194,197
image_470.jpg,46,1.0,82,29,97,184
image_470.jpg,17,1.0,185,85,193,139
image_471.jpg,51,1.0,52,146,192,148
image_471.jpg,32,1.0,144,11,158,83
image_472.jpg,21,1.0,7,58,167,58
image_472.jpg,16,1.0,174,135,190,142
image_473.jpg,42,1.0,77,77,163,129
image_474.jpg,28,1.0,69,142,120,185
image_474.jpg,4,1.0,107,28,169,70
image_474.jpg,57,1.0,7,174,114,197
image_475.jpg,28,1.0,161,133,175,179
image_475.jpg,3,1.0,153,32,167,136
image_475.jpg,37,1.0,105,96,193,145
image_476.jpg,87,1.0,18,121,153,159
image_477.jpg,55,1.0,134,186,171,188
image_477.jpg,32,1.0,48,104,82,126
image_478.jpg,39,1.0,155,40,159,96
image_478.jpg,34,1.0,106,181,133,184
image_479.jpg,39,1.0,147,24,164,105
image_479.jpg,93,1.0,12,84,128,199
image_480.jpg,86,1.0,133,48,181,103
image_480.jpg,73,1.0,168,38,199,67
image_480.jpg,25,1.0,2,12,22,52
image_481.jpg,105,1.0,6,189,115,198
image_481.jpg,8,1.0,90,51,176,179
image_481.jpg,22,1.0,162,118,177,175
image_482.jpg,106,1.0,154,51,180,173
image_482.jpg,33,1.0,37,159,100,161
image_482.jpg,105,1.0,59,187,65,193
image_483.jpg,0,1.0,5,166,41,181
image_483.jpg,3,1.0,30,168,137,186
image_484.jpg,81,1.0,159,181,198,199
image_485.jpg,24,1.0,23,22,51,171
image_486.jpg,0,1.0,192,47,193,145
image_486.jpg,6,1.0,77,60,111,80
image_486.jpg,91,1.0,176,78,196,123
image_487.jpg,28,1.0,22,90,48,158
image_488.jpg,88,1.0,177,7,199,168
image_488.jpg,21,1.0,99,63,142,166
image_488.jpg,51,1.0,24,181,106,184
image_489.jpg,32,1.0,135,192,176,193
image_489.jpg,65,1.0,26,171,155,191
image_489.jpg,29,1.0,120,61,183,69
image_490.jpg,47,1.0,143,164,164,186
image_491.jpg,20,1.0,34,82,65,176
image_491.jpg,74,1.0,164,175,172,192
image_492.jpg,34,1.0,123,25,163,176
image_492.jpg,94,1.0,188,47,193,59
image_492.jpg,4,1.0,29,170,185,194
image_493.jpg,102,1.0,99,147,108,150
image_494.jpg,16,1.0,97,104,121,168
image_494.jpg,70,1.0,55,112,106,150
image_494.jpg,88,1.0,24,190,171,199
image_495.jpg,80,1.0,64,1,69,59
image_496.jpg,52,1.0,68,142,186,186
image_496.jpg,44,1.0,162,16,165,48
image_497.jpg,25,1.0,134,53,179,103
image_497.jpg,5,1.0,154,179,168,190
image_498.jpg,33,1.0,128,176,150,180
image_498.jpg,57,1.0,188,57,196,189
image_498.jpg,63,1.0,4,116,112,171
image_499.jpg,87,1.0,10,91,81,133
image_499.jpg,56,1.0,36,199,123,199
image_499.jpg,30,1.0,111,85,169,137
image_500.jpg,97,1.0,149,105,152,120
image_501.jpg,42,1.0,65,198,133,198
image_502.jpg,56,1.0,46,184,175,195
image_502.jpg,91,1.0,92,186,192,186
image_503.jpg,48,1.0,113,162,137,186
image_504.jpg,89,1.0,21,78,126,120
image_505.jpg,57,1.0,101,128,151,193
image_505.jpg,43,1.0,170,118,196,177
image_505.jpg,53,1.0,66,17,94,129
image_506.jpg,16,1.0,190,171,190,199
image_506.jpg,28,1.0,35,9,153,69
image_506.jpg,5,1.0,50,151,147,152
image_507.jpg,58,1.0,128,162,129,170
image_508.jpg,76,1.0,43,97,84,192
image_509.jpg,17,1.0,178,56,193,74
image_509.jpg,0,1.0,148,43,155,96
image_509.jpg,19,1.0,194,73,195,80
image_510.jpg,76,1.0,180,134,182,175
image_510.jpg,106,1.0,179,7,184,180
image_510.jpg,34,1.0,49,107,184,167
image_511.jpg,0,1.0,125,77,163,192
image_512.jpg,36,1.0,73,76,173,165
image_512.jpg,5,1.0,9,112,91,141
image_512.jpg,36,1.0,81,147,185,179
image_513.jpg,16,1.0,156,198,160,199
image_513.jpg,30,1.0,187,64,198,146
image_513.jpg,86,1.0,133,126,160,158
image_514.jpg,14,1.0,167,90,172,150
image_514.jpg,44,1.0,80,99,171,131
image_515.jpg,1,1.0,85,92,163,196
image_515.jpg,77,1.0,24,114,104,144
image_516.jpg,35,1.0,134,8,157,64
image_517.jpg,61,1.0,121,121,183,180
image_517.jpg,55,1.0,38,188,116,193
image_517.jpg,59,1.0,32,132,52,163
image_518.jpg,0,1.0,33,182,135,192
image_519.jpg,52,1.0,188,192,189,196
image_520.jpg,10,1.0,49,110,91,186
image_520.jpg,101,1.0,55,174,122,175
image_520.jpg,84,1.0,114,141,154,141
image_521.jpg,73,1.0,65,199,120,199
image_522.jpg,58,1.0,120,101,131,119
image_522.jpg,22,1.0,102,82,189,132
image_522.jpg,64,1.0,188,81,190,130
image_523.jpg,36,1.0,15,182,192,199
image_524.jpg,23,1.0,16,101,135,121
image_525.jpg,18,1.0,174,130,187,193
image_525.jpg,32,1.0,151,45,195,184
image_525.jpg,23,1.0,20,108,72,113
image_526.jpg,73,1.0,153,79,164,191
image_526.jpg,7,1.0,158,119,191,171
image_526.jpg,103,1.0,145,93,174,118
image_527.jpg,103,1.0,194,62,197,152
image_527.jpg,99,1.0,31,111,83,179
image_528.jpg,38,1.0,45,178,116,189
image_528.jpg,106,1.0,131,101,156,172
image_528.jpg,48,1.0,90,59,110,185
image_529.jpg,43,1.0,196,48,199,54
image_529.jpg,85,1.0,155,103,172,192
image_530.jpg,61,1.0,4,143,191,145
image_531.jpg,56,1.0,149,187,152,194
image_531.jpg,93,1.0,0,136,171,193
image_531.jpg,106,1.0,118,67,118,83
image_532.jpg,55,1.0,120,47,152,162
image_532.jpg,83,1.0,24,45,59,131
image_533.jpg,9,1.0,80,84,148,176
image_533.jpg,27,1.0,24,22,96,88
image_533.jpg,64,1.0,198,117,198,189
image_534.jpg,44,1.0,187,42,199,102
image_534.jpg,58,1.0,123,115,172,145
image_535.jpg,2,1.0,30,97,56,121
image_535.jpg,80,1.0,150,131,183,177
image_535.jpg,58,1.0,70,154,80,180
image_536.jpg,1,1.0,17,141,64,194
image_537.jpg,33,1.0,4,150,80,187
image_537.jpg,78,1.0,184,2,194,49
image_538.jpg,34,1.0,64,166,168,185
image_538.jpg,13,1.0,108,190,172,193
image_539.jpg,19,1.0,104,134,113,187
image_539.jpg,0,1.0,37,6,165,55
image_539.jpg,75,1.0,95,33,190,165
image_540.jpg,65,1.0,99,191,125,192
image_540.jpg,72,1.0,137,174,162,193
image_541.jpg,60,1.0,36,22,180,22
image_541.jpg,4,1.0,147,62,184,161
image_541.jpg,106,1.0,35,100,197,193
image_542.jpg,65,1.0,103,123,192,147
image_543.jpg,3,1.0,31,192,38,194
image_543.jpg,95,1.0,23,142,75,185
image_543.jpg,63,1.0,93,150,197,188
image_544.jpg,3,1.0,185,120,192,149
image_544.jpg,98,1.0,36,88,39,150
image_544.jpg,106,1.0,185,105,194,163
image_545.jpg,40,1.0,33,108,35,110
image_545.jpg,94,1.0,180,152,185,192
image_545.jpg,22,1.0,70,88,180,158
image_546.jpg,91,1.0,164,148,173,198
image_547.jpg,81,1.0,126,52,146,177
image_547.jpg,80,1.0,117,19,195,141
image_547.jpg,47,1.0,93,151,147,156
image_548.jpg,86,1.0,18,159,28,185
image_549.jpg,12,1.0,21,55,161,115
image_549.jpg,28,1.0,44,182,188,198
image_550.jpg,65,1.0,158,132,184,195
image_551.jpg,83,1.0,186,114,188,146
image_552.jpg,65,1.0,121,46,190,87
image_552.jpg,3,1.0,62,159,105,163
image_552.jpg,45,1.0,175,105,193,166
image_553.jpg,48,1.0,121,116,148,167
image_554.jpg,73,1.0,115,112,151,160
image_555.jpg,3,1.0,16,15,96,108
image_555.jpg,35,1.0,152,190,153,192
image_556.jpg,83,1.0,186,42,190,177
image_556.jpg,31,1.0,28,57,136,177
image_556.jpg,70,1.0,196,128,196,181
image_557.jpg,96,1.0,183,194,195,197
image_557.jpg,63,1.0,186,159,198,187
image_557.jpg,53,1.0,60,61,160,198
image_558.jpg,69,1.0,91,50,163,101
image_558.jpg,32,1.0,82,141,186,195
image_559.jpg,67,1.0,160,113,174,191
image_560.jpg,9,1.0,67,118,191,162
image_561.jpg,59,1.0,165,3,188,78
image_562.jpg,52,1.0,137,88,197,192
image_562.jpg,75,1.0,196,53,199,64
image_562.jpg,10,1.0,162,22,167,34
image_563.jpg,72,1.0,75,66,136,157
image_563.jpg,78,1.0,32,18,88,180
image_563.jpg,3,1.0,56,173,156,193
image_564.jpg,58,1.0,49,181,69,181
image_565.jpg,40,1.0,90,134,133,171
image_565.jpg,22,1.0,123,35,158,111
image_566.jpg,6,1.0,66,187,116,195
image_566.jpg,64,1.0,155,190,187,195
image_566.jpg,106,1.0,53,5,195,110
image_567.jpg,97,1.0,11,33,89,148
image_567.jpg,78,1.0,156,12,193,133
image_567.jpg,24,1.0,152,73,189,178
image_568.jpg,1,1.0,23,173,37,174
image_569.jpg,49,1.0,38,164,192,178
image_570.jpg,83,1.0,159,39,179,131
image_571.jpg,53,1.0,133,130,141,194
image_571.jpg,20,1.0,31,177,86,193
image_572.jpg,15,1.0,161,3,177,192
image_572.jpg,51,1.0,52,151,196,169
image_573.jpg,55,1.0,167,32,169,180
image_574.jpg,28,1.0,18,137,116,185
image_575.jpg,7,1.0,126,153,126,156
image_576.jpg,17,1.0,44,128,184,146
image_577.jpg,17,1.0,147,139,164,199
image_577.jpg,82,1.0,121,54,197,120
image_578.jpg,46,1.0,67,159,113,170
image_579.jpg,21,1.0,28,39,126,120
image_579.jpg,35,1.0,138,8,169,124
image_580.jpg,89,1.0,152,30,167,123
image_580.jpg,49,1.0,82,47,176,168
image_581.jpg,32,1.0,6,104,144,124
image_581.jpg,71,1.0,45,95,183,115
image_582.jpg,18,1.0,70,160,126,194
image_582.jpg,11,1.0,89,125,131,154
image_583.jpg,42,1.0,36,132,156,152
image_584.jpg,26,1.0,24,142,186,160
image_584.jpg,77,1.0,164,175,189,193
image_585.jpg,71,1.0,32,30,64,122
image_586.jpg,31,1.0,119,58,135,82
image_586.jpg,16,1.0,13,117,78,184
image_587.jpg,106,1.0,90,76,179,125
image_587.jpg,58,1.0,156,10,189,190
image_588.jpg,24,1.0,175,120,189,178
image_589.jpg,55,1.0,189,107,195,131
image_589.jpg,104,1.0,74,59,98,63
image_589.jpg,33,1.0,162,88,197,175
image_590.jpg,85,1.0,141,128,144,137
image_590.jpg,93,1.0,197,128,197,153
image_591.jpg,94,1.0,0,96,107,151
image_592.jpg,89,1.0,105,108,182,108
image_592.jpg,100,1.0,93,102,147,114
image_593.jpg,36,1.0,134,16,152,112
image_593.jpg,1,1.0,40,143,101,148
image_593.jpg,62,1.0,34,104,76,129
image_594.jpg,51,1.0,160,61,170,81
image_594.jpg,42,1.0,84,97,192,101
image_595.jpg,45,1.0,25,55,99,80
image_595.jpg,8,1.0,92,115,125,170
image_596.jpg,61,1.0,154,22,163,138
image_597.jpg,89,1.0,20,89,83,188
image_598.jpg,4,1.0,150,106,157,147
image_599.jpg,80,1.0,13,106,52,194
image_599.jpg,36,1.0,128,69,174,190
image_600.jpg,77,1.0,1,101,91,197
image_600.jpg,28,1.0,186,194,196,196
image_600.jpg,104,1.0,41,119,63,133
image_601.jpg,4,1.0,168,154,179,198
image_601.jpg,106,1.0,65,185,196,192
image_601.jpg,86,1.0,187,67,196,147
image_602.jpg,20,1.0,134,105,141,106
image_602.jpg,62,1.0,28,119,143,121
image_603.jpg,10,1.0,145,2,196,153
image_604.jpg,66,1.0,6,179,140,183
image_604.jpg,43,1.0,16,175,126,189
image_605.jpg,8,1.0,37,100,89,105
image_605.jpg,0,1.0,126,41,166,182
image_606.jpg,103,1.0,114,195,175,197
image_606.jpg,106,1.0,151,197,176,197
image_606.jpg,20,1.0,136,64,194,177
image_607.jpg,20,1.0,65,168,102,176
image_608.jpg,53,1.0,158,198,189,199
image_608.jpg,104,1.0,43,65,140,92
image_608.jpg,102,1.0,32,51,190,70
image_609.jpg,72,1.0,197,164,197,178
image_609.jpg,4,1.0,171,126,186,130
image_610.jpg,69,1.0,34,191,144,191
image_611.jpg,50,1.0,10,96,171,108
image_612.jpg,95,1.0,157,74,195,100
image_613.jpg,1,1.0,138,132,161,193
image_614.jpg,2,1.0,173,62,177,105
image_614.jpg,32,1.0,119,109,183,139
image_614.jpg,54,1.0,51,86,92,174
image_615.jpg,106,1.0,162,121,195,150
image_615.jpg,35,1.0,175,97,197,110
image_615.jpg,67,1.0,19,113,103,119
image_616.jpg,24,1.0,46,90,73,158
image_616.jpg,27,1.0,110,59,111,192
image_616.jpg,31,1.0,170,145,177,173
image_617.jpg,0,1.0,166,172,191,174
image_617.jpg,100,1.0,44,18,61,154
image_617.jpg,60,1.0,87,148,127,181
image_618.jpg,59,1.0,117,20,191,174
image_618.jpg,104,1.0,193,167,193,192
image_618.jpg,79,1.0,6,112,49,199
image_619.jpg,71,1.0,121,167,128,174
image_619.jpg,42,1.0,139,70,173,162
image_619.jpg,67,1.0,73,177,130,177
image_620.jpg,44,1.0,52,166,59,194
image_620.jpg,75,1.0,118,14,185,42
image_620.jpg,49,1.0,180,52,180,173
image_621.jpg,63,1.0,138,44,178,78
image_621.jpg,105,1.0,136,56,150,104
image_622.jpg,69,1.0,175,18,175,188
image_623.jpg,7,1.0,24,178,40,181
image_623.jpg,84,1.0,194,186,197,195
image_624.jpg,0,1.0,61,197,65,197
image_624.jpg,88,1.0,107,28,112,48
image_625.jpg,11,1.0,123,124,153,158
image_625.jpg,77,1.0,35,50,77,50
image_626.jpg,88,1.0,26,121,179,167
image_627.jpg,30,1.0,45,6,72,34
image_628.jpg,56,1.0,34,6,198,68
image_628.jpg,88,1.0,164,97,176,141
image_628.jpg,91,1.0,85,161,157,163
image_629.jpg,18,1.0,139,78,194,78
image_629.jpg,81,1.0,156,72,181,182
image_629.jpg,44,1.0,95,155,172,177
image_630.jpg,94,1.0,105,4,138,22
image_630.jpg,57,1.0,146,108,182,152
image_630.jpg,50,1.0,102,190,105,192
image_631.jpg,20,1.0,77,26,165,152
image_632.jpg,52,1.0,186,46,188,52
image_632.jpg,67,1.0,3,56,34,179
image_633.jpg,23,1.0,40,119,126,198
image_633.jpg,19,1.0,196,101,197,155
image_634.jpg,57,1.0,19,109,74,133
image_635.jpg,2,1.0,66,138,98,191
image_636.jpg,54,1.0,2,39,116,198
image_636.jpg,76,1.0,196,189,196,192
image_636.jpg,34,1.0,99,57,199,124
image_637.jpg,29,1.0,111,149,179,177
image_637.jpg,30,1.0,53,20,65,77
image_637.jpg,7,1.0,84,35,160,165
image_638.jpg,78,1.0,23,6,144,115
image_638.jpg,79,1.0,5,147,130,182
image_639.jpg,92,1.0,91,134,122,191
image_639.jpg,61,1.0,47,120,160,183
image_639.jpg,62,1.0,100,124,167,146
image_640.jpg,62,1.0,19,93,23,126
image_640.jpg,62,1.0,0,93,61,162
image_641.jpg,62,1.0,94,137,101,184
image_642.jpg,24,1.0,81,97,131,183
image_642.jpg,13,1.0,116,140,189,182
image_642.jpg,95,1.0,129,24,146,149
image_643.jpg,16,1.0,113,44,138,176
image_643.jpg,5,1.0,185,45,190,197
image_644.jpg,72,1.0,166,16,191,69
image_645.jpg,58,1.0,132,34,178,106
image_645.jpg,8,1.0,54,143,77,173
image_646.jpg,7,1.0,73,128,128,156
image_646.jpg,54,1.0,122,198,141,199
image_646.jpg,36,1.0,186,26,186,61
image_647.jpg,95,1.0,25,193,50,199
image_648.jpg,67,1.0,156,84,187,95
image_648.jpg,52,1.0,103,103,179,135
image_649.jpg,76,1.0,87,71,155,137
image_649.jpg,40,1.0,175,134,187,193
image_650.jpg,5,1.0,71,188,74,194
image_651.jpg,28,1.0,110,117,178,121
image_652.jpg,81,1.0,131,20,194,84
image_652.jpg,106,1.0,159,167,191,175
image_653.jpg,32,1.0,129,126,152,167
image_653.jpg,38,1.0,75,73,199,145
image_653.jpg,26,1.0,41,33,173,87
image_654.jpg,76,1.0,90,73,169,188
image_654.jpg,106,1.0,70,121,173,148
image_655.jpg,70,1.0,73,110,90,191
image_655.jpg,48,1.0,160,148,184,157
image_656.jpg,46,1.0,130,142,164,185
image_657.jpg,101,1.0,139,5,182,100
image_657.jpg,35,1.0,21,133,101,153
image_658.jpg,32,1.0,158,196,184,198
image_658.jpg,6,1.0,73,195,145,197
image_659.jpg,25,1.0,8,70,104,132
image_659.jpg,82,1.0,89,194,133,199
image_660.jpg,30,1.0,74,136,118,142
image_660.jpg,13,1.0,105,129,109,187
image_661.jpg,90,1.0,176,29,198,179
image_661.jpg,33,1.0,113,171,119,180
image_661.jpg,103,1.0,38,28,74,151
image_662.jpg,82,1.0,158,50,166,102
image_663.jpg,53,1.0,11,19,100,137
image_664.jpg,99,1.0,29,21,112,46
image_664.jpg,79,1.0,74,190,120,193
image_665.jpg,51,1.0,183,132,198,153
image_666.jpg,20,1.0,101,153,160,184
image_667.jpg,61,1.0,70,174,196,191
image_667.jpg,53,1.0,49,52,176,115
image_668.jpg,12,1.0,171,167,188,195
image_668.jpg,1,1.0,56,85,130,140
image_669.jpg,24,1.0,18,191,46,193
image_670.jpg,5,1.0,187,140,191,145
image_671.jpg,4,1.0,139,17,160,65
image_672.jpg,8,1.0,116,98,151,145
image_673.jpg,106,1.0,73,150,173,161
image_673.jpg,72,1.0,198,123,198,180
image_674.jpg,61,1.0,191,12,193,198
image_675.jpg,7,1.0,41,170,95,175
image_675.jpg,62,1.0,141,116,171,190
image_675.jpg,55,1.0,192,98,194,114
image_676.jpg,102,1.0,47,65,65,65
image_676.jpg,5,1.0,70,138,81,147
image_676.jpg,33,1.0,123,100,177,111
image_677.jpg,43,1.0,124,147,155,154
image_678.jpg,98,1.0,24,117,109,198
image_678.jpg,35,1.0,5,11,161,125
image_679.jpg,86,1.0,177,142,177,178
image_679.jpg,89,1.0,153,172,156,187
image_680.jpg,55,1.0,164,59,198,86
image_680.jpg,20,1.0,104,0,162,187
image_680.jpg,80,1.0,121,106,147,136
image_681.jpg,62,1.0,88,54,161,69
image_682.jpg,93,1.0,18,140,157,174
image_682.jpg,90,1.0,168,136,194,158
image_682.jpg,79,1.0,180,15,196,36
image_683.jpg,6,1.0,115,178,116,180
image_684.jpg,36,1.0,186,39,192,152
image_684.jpg,97,1.0,141,180,191,192
image_685.jpg,106,1.0,157,133,166,149
image_686.jpg,80,1.0,28,73,192,125
image_686.jpg,29,1.0,119,38,166,170
image_687.jpg,71,1.0,116,19,131,166
image_688.jpg,68,1.0,133,97,152,135
image_689.jpg,50,1.0,12,22,94,118
image_690.jpg,34,1.0,92,13,151,46
image_690.jpg,89,1.0,196,149,199,155
image_690.jpg,74,1.0,27,70,169,70
image_691.jpg,71,1.0,95,186,140,191
image_692.jpg,61,1.0,196,176,199,189
image_693.jpg,36,1.0,105,58,159,164
image_693.jpg,64,1.0,96,100,115,136
image_693.jpg,31,1.0,110,175,196,193
image_694.jpg,70,1.0,33,48,100,125
image_695.jpg,106,1.0,87,119,188,120
image_695.jpg,74,1.0,11,171,125,173
image_695.jpg,51,1.0,27,192,131,193
image_696.jpg,101,1.0,114,16,132,31
image_696.jpg,43,1.0,97,92,166,99
image_697.jpg,76,1.0,154,129,176,179
image_697.jpg,26,1.0,55,66,80,186
image_697.jpg,97,1.0,65,44,112,108
image_698.jpg,41,1.0,191,169,196,169
image_698.jpg,18,1.0,181,193,184,193
image_698.jpg,63,1.0,34,61,60,136
image_699.jpg,20,1.0,149,135,194,158
image_699.jpg,71,1.0,92,74,145,197
image_699.jpg,16,1.0,161,112,173,172
image_700.jpg,39,1.0,176,58,186,75
image_700.jpg,101,1.0,98,106,188,158
image_700.jpg,17,1.0,43,48,83,81
image_701.jpg,87,1.0,161,102,168,135
image_701.jpg,34,1.0,121,8,131,49
image_702.jpg,34,1.0,42,141,148,163
image_702.jpg,106,1.0,44,141,109,164
image_702.jpg,5,1.0,170,44,183,152
image_703.jpg,26,1.0,88,31,123,120
image_703.jpg,67,1.0,38,131,188,150
image_703.jpg,35,1.0,115,91,193,177
image_704.jpg,62,1.0,123,175,185,196
image_705.jpg,8,1.0,52,81,151,165
image_705.jpg,70,1.0,21,51,67,63
image_705.jpg,87,1.0,97,38,190,80
image_706.jpg,94,1.0,13,163,28,186
image_707.jpg,85,1.0,177,9,193,81
image_707.jpg,15,1.0,65,142,181,152
image_707.jpg,98,1.0,108,87,123,143
image_708.jpg,32,1.0,10,182,118,185
image_708.jpg,14,1.0,179,33,186,57
image_708.jpg,13,1.0,35,171,132,184
image_709.jpg,87,1.0,98,135,122,172
image_710.jpg,61,1.0,182,153,194,172
image_711.jpg,61,1.0,111,103,149,134
image_711.jpg,4,1.0,4,66,52,139
image_712.jpg,22,1.0,63,86,67,99
image_712.jpg,56,1.0,8,112,80,162
image_713.jpg,53,1.0,99,31,144,59
image_714.jpg,102,1.0,50,2,144,170
image_714.jpg,87,1.0,187,30,191,109
image_715.jpg,62,1.0,85,154,134,160
image_715.jpg,34,1.0,188,146,194,163
image_716.jpg,58,1.0,74,115,107,156
image_717.jpg,76,1.0,14,114,181,182
image_717.jpg,8,1.0,5,187,149,190
image_718.jpg,20,1.0,178,62,180,72
image_718.jpg,64,1.0,98,11,119,22
image_718.jpg,73,1.0,73,120,167,120
image_719.jpg,104,1.0,47,122,184,163
image_720.jpg,50,1.0,94,182,175,198
image_720.jpg,68,1.0,80,88,100,97
image_721.jpg,8,1.0,155,84,173,129
image_722.jpg,36,1.0,184,23,188,129
image_722.jpg,23,1.0,109,82,149,166
image_723.jpg,100,1.0,169,28,187,159
image_723.jpg,38,1.0,89,188,123,189
image_724.jpg,106,1.0,186,77,193,136
image_724.jpg,93,1.0,96,66,147,157
image_724.jpg,45,1.0,57,122,180,153
image_725.jpg,106,1.0,10,193,106,198
image_726.jpg,0,1.0,165,145,191,193
image_726.jpg,100,1.0,82,161,141,198
image_727.jpg,4,1.0,148,158,177,169
image_727.jpg,55,1.0,191,81,198,129
image_728.jpg,85,1.0,102,41,129,165
image_729.jpg,45,1.0,85,10,140,127
image_729.jpg,23,1.0,22,195,149,197
image_729.jpg,106,1.0,24,176,99,192
image_730.jpg,16,1.0,53,97,66,107
image_730.jpg,45,1.0,34,53,170,90
image_730.jpg,72,1.0,145,149,168,173
image_731.jpg,78,1.0,46,88,172,177
image_732.jpg,65,1.0,138,139,183,162
image_732.jpg,8,1.0,50,65,93,159
image_732.jpg,87,1.0,31,198,76,199
image_733.jpg,105,1.0,67,128,72,159
image_734.jpg,32,1.0,174,75,188,89
image_734.jpg,57,1.0,162,3,162,74
image_735.jpg,48,1.0,163,164,163,164
image_736.jpg,46,1.0,0,192,103,198
image_737.jpg,93,1.0,172,80,197,145
image_737.jpg,50,1.0,119,153,166,154
image_738.jpg,40,1.0,163,131,173,165
image_739.jpg,3,1.0,142,70,173,129
image_739.jpg,60,1.0,128,6,179,192
image_740.jpg,92,1.0,145,172,153,173
image_740.jpg,25,1.0,80,171,118,175
image_741.jpg,106,1.0,28,87,124,176
image_741.jpg,103,1.0,37,17,104,28
image_742.jpg,63,1.0,130,82,183,168
image_742.jpg,19,1.0,76,31,163,74
image_743.jpg,67,1.0,89,9,129,70
image_743.jpg,74,1.0,12,30,33,32
image_744.jpg,49,1.0,48,3,110,128
image_745.jpg,57,1.0,85,38,179,86
image_746.jpg,34,1.0,160,167,184,174
image_747.jpg,100,1.0,101,144,140,163
image_747.jpg,47,1.0,82,42,177,182
image_747.jpg,23,1.0,93,171,152,197
image_748.jpg,25,1.0,68,93,86,179
image_748.jpg,55,1.0,115,75,147,81
image_748.jpg,61,1.0,94,147,174,172
image_749.jpg,78,1.0,141,90,152,144
image_749.jpg,30,1.0,118,53,194,94
image_749.jpg,28,1.0,25,103,153,189
image_750.jpg,103,1.0,187,124,196,129
image_751.jpg,41,1.0,26,145,82,165
image_752.jpg,106,1.0,58,98,66,191
image_752.jpg,25,1.0,193,192,193,199
image_752.jpg,0,1.0,63,31,70,133
image_753.jpg,52,1.0,112,70,171,195
image_754.jpg,82,1.0,42,66,129,121
image_754.jpg,41,1.0,185,194,195,196
image_754.jpg,10,1.0,171,75,184,101
image_755.jpg,106,1.0,50,126,116,148
image_756.jpg,79,1.0,104,163,159,191
image_757.jpg,92,1.0,141,140,160,178
image_758.jpg,25,1.0,177,132,185,142
image_758.jpg,20,1.0,115,125,187,131
image_758.jpg,95,1.0,160,114,197,181
image_759.jpg,38,1.0,123,74,187,111
image_759.jpg,16,1.0,63,10,117,106
image_760.jpg,95,1.0,112,108,170,116
image_761.jpg,64,1.0,155,69,170,125
image_761.jpg,93,1.0,80,194,130,194
image_762.jpg,51,1.0,102,11,102,21
image_762.jpg,83,1.0,56,68,83,170
image_762.jpg,33,1.0,70,148,167,149
image_763.jpg,37,1.0,22,191,187,197
image_764.jpg,87,1.0,59,134,196,180
image_764.jpg,79,1.0,142,0,165,97
image_765.jpg,5,1.0,144,42,178,184
image_765.jpg,84,1.0,62,172,192,178
image_765.jpg,64,1.0,45,148,47,193
image_766.jpg,80,1.0,84,8,169,149
image_766.jpg,62,1.0,147,100,183,192
image_767.jpg,30,1.0,143,79,152,105
image_767.jpg,83,1.0,80,162,162,197
image_767.jpg,56,1.0,101,199,175,199
image_768.jpg,106,1.0,16,69,185,115
image_769.jpg,103,1.0,11,134,52,196
image_770.jpg,28,1.0,53,151,182,185
image_770.jpg,12,1.0,20,161,108,195
image_770.jpg,31,1.0,52,84,70,177
image_771.jpg,64,1.0,130,147,173,151
image_771.jpg,57,1.0,178,188,182,192
image_771.jpg,106,1.0,166,44,171,121
image_772.jpg,8,1.0,80,29,195,39
image_772.jpg,35,1.0,49,38,138,64
image_772.jpg,25,1.0,113,46,152,116
image_773.jpg,76,1.0,39,63,81,90
image_773.jpg,5,1.0,81,78,169,108
image_773.jpg,80,1.0,122,184,170,184
image_774.jpg,4,1.0,19,151,132,194
image_774.jpg,22,1.0,12,152,26,189
image_774.jpg,79,1.0,41,113,126,135
image_775.jpg,4,1.0,34,190,130,191
image_776.jpg,32,1.0,145,68,189,97
image_776.jpg,62,1.0,61,88,142,113
image_776.jpg,83,1.0,177,187,192,191
image_777.jpg,5,1.0,176,103,178,179
image_777.jpg,1,1.0,117,72,167,112
image_778.jpg,94,1.0,91,44,127,101
image_778.jpg,33,1.0,102,30,112,43
image_778.jpg,79,1.0,85,63,151,151
image_779.jpg,40,1.0,182,56,182,76
image_779.jpg,57,1.0,85,68,149,84
image_780.jpg,106,1.0,25,86,146,100
image_780.jpg,96,1.0,149,133,182,139
image_781.jpg,89,1.0,46,109,115,127
image_782.jpg,42,1.0,117,196,189,196
image_782.jpg,46,1.0,106,114,120,197
image_783.jpg,52,1.0,96,35,153,67
image_784.jpg,93,1.0,14,174,171,197
image_784.jpg,5,1.0,174,27,197,143
image_785.jpg,7,1.0,196,128,198,169
image_785.jpg,13,1.0,42,129,42,129
image_785.jpg,106,1.0,157,190,170,198
image_786.jpg,86,1.0,179,192,181,195
image_786.jpg,49,1.0,89,117,169,151
image_786.jpg,76,1.0,138,47,179,54
image_787.jpg,71,1.0,101,106,162,172
image_787.jpg,14,1.0,141,64,151,74
image_787.jpg,19,1.0,117,3,125,73
image_788.jpg,56,1.0,179,162,194,167
image_788.jpg,72,1.0,133,3,144,176
image_788.jpg,17,1.0,196,164,199,194
image_789.jpg,86,1.0,58,115,131,189
image_790.jpg,8,1.0,6,131,97,188
image_790.jpg,50,1.0,25,163,151,171
image_791.jpg,97,1.0,62,63,69,146
image_791.jpg,75,1.0,117,47,197,186
image_792.jpg,20,1.0,102,106,197,190
image_792.jpg,102,1.0,71,186,116,198
image_793.jpg,102,1.0,197,166,199,169
image_793.jpg,66,1.0,156,162,197,174
image_794.jpg,18,1.0,176,141,183,199
image_794.jpg,71,1.0,148,14,160,182
image_795.jpg,11,1.0,132,67,179,155
image_795.jpg,52,1.0,9,68,162,73
image_795.jpg,100,1.0,137,45,150,77
image_796.jpg,50,1.0,115,54,152,164
image_796.jpg,97,1.0,88,86,199,108
image_796.jpg,82,1.0,171,75,190,132
image_797.jpg,105,1.0,188,164,199,179
image_798.jpg,106,1.0,60,42,177,92
image_798.jpg,100,1.0,103,183,133,189
image_798.jpg,90,1.0,89,166,154,166
image_799.jpg,89,1.0,170,177,187,186
image_800.jpg,28,1.0,131,103,187,150
image_801.jpg,76,1.0,173,47,192,108
image_801.jpg,96,1.0,159,43,167,137
image_802.jpg,91,1.0,120,17,139,91
image_802.jpg,66,1.0,25,146,61,191
image_803.jpg,4,1.0,165,115,180,156
image_803.jpg,100,1.0,115,84,144,181
image_804.jpg,106,1.0,60,148,139,185
image_805.jpg,41,1.0,18,180,81,197
image_805.jpg,18,1.0,62,68,155,122
image_805.jpg,52,1.0,70,91,79,171
image_806.jpg,29,1.0,38,132,191,171
image_806.jpg,33,1.0,123,91,155,179
image_806.jpg,98,1.0,76,89,196,115
image_807.jpg,38,1.0,160,35,174,50
image_807.jpg,106,1.0,142,182,155,194
image_808.jpg,24,1.0,188,14,192,103
image_808.jpg,45,1.0,9,180,51,195
image_808.jpg,106,1.0,30,70,72,116
image_809.jpg,45,1.0,179,68,189,149
image_809.jpg,5,1.0,62,76,86,148
image_810.jpg,92,1.0,146,24,148,148
image_810.jpg,17,1.0,178,93,196,160
image_811.jpg,106,1.0,116,9,137,199
image_811.jpg,57,1.0,31,111,170,127
image_812.jpg,99,1.0,66,3,183,186
image_812.jpg,20,1.0,158,91,189,165
image_813.jpg,30,1.0,176,185,199,194
image_813.jpg,42,1.0,168,144,199,163
image_813.jpg,43,1.0,125,60,184,168
image_814.jpg,25,1.0,102,105,178,171
image_814.jpg,57,1.0,140,130,194,190
image_814.jpg,76,1.0,97,32,151,38
image_815.jpg,60,1.0,16,24,94,24
image_815.jpg,30,1.0,58,56,113,105
image_816.jpg,34,1.0,127,118,152,198
image_816.jpg,87,1.0,162,118,188,123
image_817.jpg,6,1.0,156,58,179,69
image_818.jpg,80,1.0,119,76,130,165
image_819.jpg,70,1.0,32,160,97,193
image_819.jpg,37,1.0,148,113,195,133
image_819.jpg,35,1.0,83,83,108,157
image_820.jpg,8,1.0,177,30,192,93
image_820.jpg,37,1.0,10,132,97,166
image_821.jpg,25,1.0,1,58,173,152
image_821.jpg,15,1.0,167,23,167,76
image_821.jpg,56,1.0,20,9,152,128
image_822.jpg,56,1.0,151,134,160,147
image_822.jpg,82,1.0,142,153,174,162
image_822.jpg,9,1.0,24,118,52,154
image_823.jpg,47,1.0,115,69,160,92
image_823.jpg,16,1.0,76,116,110,186
image_824.jpg,103,1.0,5,13,183,27
image_825.jpg,97,1.0,104,143,177,176
image_825.jpg,15,1.0,103,131,172,165
image_825.jpg,33,1.0,169,154,187,186
image_826.jpg,8,1.0,100,70,114,79
image_826.jpg,61,1.0,47,100,70,168
image_827.jpg,81,1.0,113,63,181,199
image_828.jpg,7,1.0,43,118,71,181
image_828.jpg,55,1.0,152,133,163,198
image_828.jpg,10,1.0,136,196,196,197
image_829.jpg,57,1.0,105,197,192,199
image_829.jpg,0,1.0,199,2,199,163
image_830.jpg,82,1.0,78,13,186,41
image_830.jpg,9,1.0,12,121,72,169
image_831.jpg,93,1.0,167,50,170,115
image_831.jpg,54,1.0,13,140,91,150
image_831.jpg,88,1.0,98,10,165,174
image_832.jpg,28,1.0,168,70,173,86
image_832.jpg,10,1.0,130,74,193,81
image_833.jpg,10,1.0,44,19,99,154
image_834.jpg,15,1.0,129,144,194,187
image_835.jpg,5,1.0,198,105,199,125
image_836.jpg,66,1.0,174,124,182,169
image_836.jpg,76,1.0,181,29,194,61
image_837.jpg,80,1.0,191,1,195,146
image_838.jpg,19,1.0,45,68,180,187
image_838.jpg,105,1.0,142,45,196,147
image_838.jpg,106,1.0,186,148,193,159
image_839.jpg,75,1.0,195,134,196,184
image_839.jpg,54,1.0,128,198,188,198
image_840.jpg,102,1.0,136,0,147,144
image_840.jpg,99,1.0,141,133,196,144
image_840.jpg,49,1.0,4,15,113,27
image_841.jpg,60,1.0,145,129,175,132
image_841.jpg,4,1.0,67,21,162,97
image_842.jpg,106,1.0,142,154,165,173
image_842.jpg,94,1.0,45,198,106,198
image_842.jpg,39,1.0,167,145,186,196
image_843.jpg,95,1.0,156,83,187,176
image_843.jpg,78,1.0,116,91,142,163
image_843.jpg,87,1.0,77,2,199,40
image_844.jpg,22,1.0,117,152,118,163
image_844.jpg,59,1.0,145,93,188,137
image_844.jpg,97,1.0,87,186,99,187
image_845.jpg,80,1.0,162,37,192,77
image_846.jpg,106,1.0,79,70,170,128
image_847.jpg,48,1.0,198,178,199,190
image_847.jpg,34,1.0,27,173,119,177
image_847.jpg,101,1.0,91,14,119,29
image_848.jpg,51,1.0,121,169,142,175
image_848.jpg,76,1.0,39,121,164,126
image_849.jpg,67,1.0,120,111,184,121
image_849.jpg,104,1.0,126,3,159,53
image_849.jpg,92,1.0,10,79,33,181
image_850.jpg,27,1.0,153,126,196,128
image_850.jpg,79,1.0,8,38,122,92
image_850.jpg,95,1.0,40,181,93,196
image_851.jpg,74,1.0,19,10,113,199
image_851.jpg,33,1.0,110,177,192,183
image_852.jpg,33,1.0,70,12,79,64
image_852.jpg,13,1.0,187,16,191,141
image_852.jpg,67,1.0,60,140,122,195
image_853.jpg,81,1.0,121,63,195,162
image_854.jpg,60,1.0,141,156,178,160
image_854.jpg,49,1.0,97,165,169,174
image_855.jpg,63,1.0,34,110,141,176
image_855.jpg,15,1.0,193,71,193,181
image_855.jpg,73,1.0,85,35,174,41
image_856.jpg,90,1.0,157,21,193,102
image_857.jpg,24,1.0,59,60,107,177
image_857.jpg,75,1.0,37,150,104,198
image_858.jpg,103,1.0,174,36,177,119
image_858.jpg,106,1.0,131,103,133,130
image_859.jpg,29,1.0,114,20,152,158
image_859.jpg,0,1.0,8,21,50,29
image_860.jpg,75,1.0,12,109,109,199
image_860.jpg,55,1.0,142,114,166,158
image_860.jpg,44,1.0,95,87,198,137
image_861.jpg,62,1.0,99,143,122,148
image_861.jpg,4,1.0,36,47,98,191
image_862.jpg,92,1.0,112,96,149,154
image_863.jpg,66,1.0,168,143,195,187
image_863.jpg,67,1.0,18,20,94,65
image_864.jpg,85,1.0,131,169,139,187
image_865.jpg,2,1.0,66,166,141,188
image_866.jpg,2,1.0,168,177,197,187
image_867.jpg,15,1.0,57,138,76,150
image_867.jpg,80,1.0,20,173,21,179
image_868.jpg,39,1.0,8,23,34,186
image_868.jpg,4,1.0,94,48,113,83
image_868.jpg,51,1.0,187,141,191,173
image_869.jpg,25,1.0,13,196,61,199
image_870.jpg,26,1.0,167,34,174,85
image_871.jpg,95,1.0,88,32,128,95
image_871.jpg,32,1.0,170,59,179,64
image_872.jpg,45,1.0,79,163,90,191
image_873.jpg,11,1.0,17,163,110,182
image_873.jpg,105,1.0,132,50,155,52
image_874.jpg,67,1.0,69,163,174,164
image_875.jpg,12,1.0,75,3,178,87
image_875.jpg,106,1.0,154,113,154,169
image_875.jpg,98,1.0,114,184,154,191
image_876.jpg,52,1.0,107,129,110,158
image_876.jpg,106,1.0,122,90,133,171
image_877.jpg,7,1.0,67,38,123,154
image_877.jpg,106,1.0,119,119,194,133
image_878.jpg,15,1.0,10,145,19,145
image_878.jpg,43,1.0,125,91,180,113
image_879.jpg,85,1.0,19,16,25,182
image_880.jpg,58,1.0,35,183,172,185
image_880.jpg,46,1.0,36,119,177,185
image_881.jpg,50,1.0,133,16,138,122
image_882.jpg,63,1.0,126,170,174,182
image_883.jpg,75,1.0,77,13,159,157
image_883.jpg,45,1.0,49,41,50,158
image_884.jpg,24,1.0,67,1,74,126
image_885.jpg,14,1.0,97,36,120,179
image_886.jpg,19,1.0,3,183,20,198
image_886.jpg,98,1.0,194,187,197,194
image_886.jpg,34,1.0,176,114,177,163
image_887.jpg,46,1.0,41,151,167,175
image_888.jpg,7,1.0,169,191,188,197
image_888.jpg,48,1.0,59,196,75,199
image_889.jpg,77,1.0,128,63,194,161
image_889.jpg,106,1.0,187,140,194,141
image_889.jpg,20,1.0,119,163,181,199
image_890.jpg,79,1.0,7,47,48,183
image_890.jpg,10,1.0,192,24,192,87
image_891.jpg,57,1.0,49,153,173,162
image_891.jpg,106,1.0,8,17,199,162
image_892.jpg,100,1.0,56,52,97,104
image_893.jpg,40,1.0,169,124,176,181
image_894.jpg,79,1.0,110,56,114,68
image_894.jpg,34,1.0,137,17,138,165
image_895.jpg,16,1.0,122,42,184,159
image_896.jpg,106,1.0,95,99,128,158
image_896.jpg,70,1.0,16,35,169,199
image_897.jpg,53,1.0,52,73,89,116
image_897.jpg,28,1.0,118,135,178,199
image_897.jpg,37,1.0,100,79,159,179
image_898.jpg,76,1.0,33,56,197,179
image_898.jpg,45,1.0,148,52,185,123
image_899.jpg,71,1.0,89,4,100,13
image_899.jpg,91,1.0,106,27,188,159
image_900.jpg,57,1.0,127,196,164,197
image_901.jpg,33,1.0,132,117,164,175
image_902.jpg,7,1.0,58,38,138,163
image_902.jpg,32,1.0,29,85,171,97
image_903.jpg,2,1.0,126,104,142,183
image_903.jpg,94,1.0,60,6,90,123
image_904.jpg,21,1.0,124,40,178,152
image_904.jpg,90,1.0,124,179,133,192
image_904.jpg,69,1.0,119,20,126,57
image_905.jpg,105,1.0,68,75,109,120
image_905.jpg,55,1.0,71,73,166,181
image_906.jpg,22,1.0,118,158,152,162
image_906.jpg,64,1.0,130,141,152,181
image_907.jpg,9,1.0,160,104,171,111
image_908.jpg,104,1.0,55,25,72,164
image_909.jpg,66,1.0,82,86,167,97
image_909.jpg,18,1.0,196,162,197,166
image_909.jpg,75,1.0,102,55,190,165
image_910.jpg,79,1.0,17,40,198,140
image_910.jpg,56,1.0,26,38,177,118
image_911.jpg,31,1.0,26,62,28,91
image_911.jpg,49,1.0,93,10,105,19
image_911.jpg,106,1.0,189,15,189,83
image_912.jpg,101,1.0,126,155,172,187
image_913.jpg,16,1.0,131,173,173,189
image_914.jpg,5,1.0,62,118,153,197
image_914.jpg,105,1.0,53,83,64,115
image_914.jpg,21,1.0,153,195,177,199
image_915.jpg,27,1.0,111,114,140,155
image_915.jpg,98,1.0,139,191,160,192
image_916.jpg,41,1.0,195,6,195,143
image_917.jpg,91,1.0,79,183,195,196
image_917.jpg,90,1.0,12,196,104,197
image_918.jpg,47,1.0,19,19,39,121
image_919.jpg,1,1.0,140,173,172,183
image_919.jpg,106,1.0,190,109,190,137
image_919.jpg,39,1.0,167,106,176,196
image_920.jpg,106,1.0,187,89,190,173
image_920.jpg,18,1.0,101,124,108,184
image_920.jpg,8,1.0,183,93,187,139
image_921.jpg,55,1.0,7,14,99,94
image_921.jpg,40,1.0,94,147,102,155
image_921.jpg,67,1.0,29,40,42,182
image_922.jpg,25,1.0,142,144,184,184
image_923.jpg,28,1.0,56,152,138,159
image_923.jpg,104,1.0,131,61,194,93
image_923.jpg,84,1.0,180,21,180,138
image_924.jpg,26,1.0,33,126,174,185
image_924.jpg,46,1.0,175,81,196,164
image_925.jpg,25,1.0,174,61,187,80
image_925.jpg,13,1.0,185,71,193,115
image_926.jpg,106,1.0,83,101,157,116
image_926.jpg,88,1.0,30,186,30,186
image_927.jpg,28,1.0,43,34,59,116
image_927.jpg,31,1.0,90,54,192,131
image_928.jpg,27,1.0,96,36,123,123
image_928.jpg,44,1.0,153,180,180,191
image_928.jpg,64,1.0,121,82,169,82
image_929.jpg,58,1.0,184,17,192,141
image_929.jpg,43,1.0,155,1,181,64
image_929.jpg,106,1.0,152,6,165,30
image_930.jpg,15,1.0,170,165,180,167
image_930.jpg,11,1.0,125,181,195,194
image_930.jpg,29,1.0,40,21,120,173
image_931.jpg,27,1.0,169,162,172,168
image_932.jpg,24,1.0,24,7,100,197
image_932.jpg,25,1.0,142,144,174,176
image_933.jpg,77,1.0,163,29,182,164
image_933.jpg,79,1.0,123,191,135,194
image_933.jpg,27,1.0,37,71,89,110
image_934.jpg,20,1.0,109,58,175,177
image_935.jpg,32,1.0,178,168,180,191
image_935.jpg,36,1.0,34,99,108,142
image_936.jpg,11,1.0,30,12,141,113
image_936.jpg,88,1.0,8,25,96,40
image_937.jpg,106,1.0,173,11,178,187
image_938.jpg,51,1.0,88,90,193,167
image_938.jpg,27,1.0,158,42,169,193
image_938.jpg,72,1.0,44,54,181,61
image_939.jpg,36,1.0,24,188,84,197
image_939.jpg,104,1.0,149,13,159,48
image_939.jpg,9,1.0,192,85,192,145
image_940.jpg,20,1.0,150,137,166,199
image_940.jpg,37,1.0,52,130,98,178
image_940.jpg,67,1.0,158,195,197,198
image_941.jpg,16,1.0,59,170,86,179
image_942.jpg,102,1.0,158,159,187,194
image_943.jpg,70,1.0,177,29,189,75
image_944.jpg,9,1.0,166,128,189,168
image_944.jpg,29,1.0,86,173,194,178
image_944.jpg,67,1.0,60,171,102,173
image_945.jpg,100,1.0,163,114,199,195
image_946.jpg,58,1.0,151,25,165,160
image_947.jpg,74,1.0,175,19,189,78
image_947.jpg,77,1.0,131,180,169,184
image_947.jpg,15,1.0,150,136,175,140
image_948.jpg,106,1.0,71,122,190,171
image_948.jpg,72,1.0,149,80,152,118
image_949.jpg,17,1.0,9,97,139,111
image_949.jpg,10,1.0,128,80,153,106
image_949.jpg,106,1.0,180,8,191,62
image_950.jpg,94,1.0,66,114,174,163
image_950.jpg,84,1.0,134,70,141,143
image_951.jpg,54,1.0,190,60,194,191
image_951.jpg,11,1.0,119,116,139,190
image_951.jpg,73,1.0,185,128,195,184
image_952.jpg,1,1.0,0,157,44,163
image_952.jpg,61,1.0,175,36,192,184
image_953.jpg,62,1.0,153,153,160,176
image_953.jpg,19,1.0,48,91,53,99
image_953.jpg,34,1.0,15,109,52,146
image_954.jpg,100,1.0,129,155,134,177
image_954.jpg,56,1.0,73,17,86,106
image_955.jpg,43,1.0,53,130,170,164
image_955.jpg,63,1.0,34,19,197,160
image_955.jpg,52,1.0,22,87,82,154
image_956.jpg,47,1.0,193,17,193,194
image_956.jpg,66,1.0,138,127,159,182
image_956.jpg,29,1.0,96,195,130,195
image_957.jpg,29,1.0,70,184,83,193
image_958.jpg,64,1.0,162,141,172,195
image_958.jpg,90,1.0,161,85,164,161
image_958.jpg,89,1.0,117,134,184,141
image_959.jpg,51,1.0,189,81,191,174
image_959.jpg,11,1.0,78,129,86,152
image_959.jpg,28,1.0,80,164,84,175
image_960.jpg,58,1.0,149,134,172,148
image_961.jpg,90,1.0,31,165,198,186
image_961.jpg,98,1.0,183,29,186,53
image_962.jpg,34,1.0,81,133,162,155
image_962.jpg,102,1.0,148,57,150,183
image_963.jpg,106,1.0,124,103,159,117
image_963.jpg,44,1.0,145,35,165,124
image_964.jpg,41,1.0,133,104,144,109
image_964.jpg,33,1.0,37,181,183,190
image_965.jpg,39,1.0,83,19,131,47
image_966.jpg,106,1.0,120,145,145,194
image_966.jpg,87,1.0,41,104,192,176
image_967.jpg,21,1.0,173,6,173,64
image_967.jpg,97,1.0,134,42,186,186
image_967.jpg,63,1.0,9,57,124,165
image_968.jpg,18,1.0,40,112,181,158
image_968.jpg,44,1.0,195,144,197,170
image_969.jpg,69,1.0,174,78,181,81
image_969.jpg,2,1.0,80,40,85,174
image_969.jpg,35,1.0,100,78,109,138
image_970.jpg,95,1.0,17,110,129,136
image_970.jpg,2,1.0,57,82,80,167
image_971.jpg,27,1.0,141,82,169,96
image_971.jpg,106,1.0,133,60,175,103
image_971.jpg,64,1.0,79,0,126,105
image_972.jpg,77,1.0,56,118,182,152
image_972.jpg,103,1.0,117,52,163,92
image_973.jpg,26,1.0,89,187,165,192
image_973.jpg,99,1.0,143,45,189,194
image_974.jpg,37,1.0,134,36,178,127
image_975.jpg,26,1.0,63,144,174,179
image_976.jpg,3,1.0,4,110,33,157
image_976.jpg,63,1.0,122,89,141,192
image_976.jpg,18,1.0,161,40,178,189
image_977.jpg,68,1.0,84,126,145,154
image_977.jpg,22,1.0,13,185,105,188
image_977.jpg,3,1.0,33,128,76,130
image_978.jpg,12,1.0,41,25,57,197
image_978.jpg,103,1.0,108,128,109,198
image_979.jpg,3,1.0,157,50,179,187
image_979.jpg,18,1.0,162,113,180,114
image_980.jpg,65,1.0,126,181,163,197
image_980.jpg,52,1.0,111,194,197,198
image_981.jpg,105,1.0,26,59,184,153
image_982.jpg,12,1.0,42,108,180,158
image_982.jpg,100,1.0,63,109,77,177
image_982.jpg,33,1.0,57,86,198,131
image_983.jpg,0,1.0,95,170,149,179
image_983.jpg,67,1.0,195,24,198,143
image_984.jpg,91,1.0,27,175,106,198
image_985.jpg,34,1.0,7,86,68,163
image_986.jpg,3,1.0,137,56,171,195
image_986.jpg,33,1.0,173,179,192,180
image_986.jpg,48,1.0,65,3,161,60
image_987.jpg,71,1.0,168,195,191,197
image_987.jpg,13,1.0,119,17,191,188
image_988.jpg,8,1.0,119,93,172,135
image_988.jpg,72,1.0,198,11,199,25
image_988.jpg,104,1.0,127,141,152,198
image_989.jpg,48,1.0,111,109,135,136
image_989.jpg,66,1.0,49,79,182,196
image_989.jpg,22,1.0,47,34,169,171
image_990.jpg,101,1.0,17,113,135,162
image_990.jpg,18,1.0,128,136,162,145
image_990.jpg,39,1.0,161,129,161,141
image_991.jpg,44,1.0,89,148,139,195
image_991.jpg,61,1.0,51,53,163,195
image_992.jpg,88,1.0,95,114,101,143
image_993.jpg,74,1.0,179,84,196,136
image_993.jpg,23,1.0,62,58,133,120
image_994.jpg,57,1.0,133,102,196,109
image_994.jpg,82,1.0,74,191,84,199
image_995.jpg,69,1.0,64,63,180,199
image_996.jpg,62,1.0,6,118,110,179
image_996.jpg,106,1.0,36,1,89,84
image_996.jpg,31,1.0,26,155,133,181
image_997.jpg,8,1.0,152,15,197,174
image_997.jpg,24,1.0,188,10,188,77
image_997.jpg,54,1.0,8,19,188,101
image_998.jpg,41,1.0,9,45,104,196
image_998.jpg,37,1.0,13,150,85,173
image_999.jpg,38,1.0,25,2,91,58
